형태소,품사,분류,카운트
!,Punctuation,길,43
!,Punctuation,김태호,2
!,Punctuation,노홍철,15
!,Punctuation,모두,3
!,Punctuation,박명수,19
!,Punctuation,안내인,2
!,Punctuation,유재석,11
!,Punctuation,장진영,1
!,Punctuation,정준하,15
!,Punctuation,정형돈,20
"""",Punctuation,노홍철,5
',Punctuation,김태호,1
',Punctuation,유재석,1
(,Punctuation,박명수,1
),Punctuation,박명수,1
+,Punctuation,정형돈,1
",",Punctuation,기자들,1
",",Punctuation,길,15
",",Punctuation,김태호,13
",",Punctuation,노홍철,16
",",Punctuation,모두,1
",",Punctuation,박명수,19
",",Punctuation,안내인,1
",",Punctuation,유재석,19
",",Punctuation,장진영,4
",",Punctuation,정준하,21
",",Punctuation,정형돈,19
",",Punctuation,최단비,6
",",Punctuation,판사,4
.,Punctuation,기자들,1
.,Punctuation,길,46
.,Punctuation,김태호,31
.,Punctuation,노홍철,32
.,Punctuation,모두,1
.,Punctuation,박명수,56
.,Punctuation,유재석,34
.,Punctuation,장진영,6
.,Punctuation,정준하,39
.,Punctuation,정형돈,33
.,Punctuation,최단비,3
.,Punctuation,판사,17
.',Punctuation,김태호,1
.',Punctuation,유재석,1
..,Punctuation,길,1
...,Punctuation,길,1
...,Punctuation,박명수,1
...,Punctuation,유재석,1
0.1,Number,길,1
0.1,Number,김태호,1
0.1,Number,정준하,1
0.2,Number,김태호,1
0.2,Number,정준하,1
100%,Number,정준하,1
100억,Number,노홍철,2
100억,Number,정형돈,1
10억,Number,노홍철,1
10억,Number,정준하,1
10억원,Number,유재석,1
10억원,Number,정준하,1
11시,Number,박명수,1
1217,Number,판사,1
19일,Number,노홍철,1
19일,Number,정준하,1
2,Number,박명수,1
2009,Number,판사,1
2009년,Number,노홍철,1
2009년,Number,정준하,1
20일,Number,김태호,1
4,Number,최단비,1
6,Number,김태호,1
7,Number,길,2
7,Number,김태호,1
8월,Number,김태호,1
8월,Number,노홍철,1
8월,Number,정준하,1
?,Punctuation,기자들,1
?,Punctuation,길,17
?,Punctuation,김태호,4
?,Punctuation,노홍철,17
?,Punctuation,박명수,27
?,Punctuation,유재석,36
?,Punctuation,장진영,7
?,Punctuation,정준하,23
?,Punctuation,정형돈,33
?,Punctuation,최단비,10
?,Punctuation,판사,6
?!,Punctuation,박명수,1
"?""",Punctuation,노홍철,1
??,Punctuation,정형돈,1
???,Punctuation,모두,1
???,Punctuation,유재석,1
CF,Alpha,길,1
CF,Alpha,박명수,3
MC,Alpha,정형돈,1
PD,Alpha,길,3
PD,Alpha,김태호,1
PD,Alpha,노홍철,2
PD,Alpha,박명수,3
PD,Alpha,유재석,6
PD,Alpha,장진영,1
PD,Alpha,정준하,4
PD,Alpha,정형돈,1
PD,Alpha,최단비,1
~,Punctuation,길,10
~,Punctuation,노홍철,2
~,Punctuation,모두,2
~,Punctuation,박명수,13
~,Punctuation,유재석,8
~,Punctuation,정준하,8
~,Punctuation,정형돈,9
…,Punctuation,길,22
…,Punctuation,김태호,4
…,Punctuation,노홍철,9
…,Punctuation,박명수,16
…,Punctuation,유재석,15
…,Punctuation,장진영,1
…,Punctuation,정준하,32
…,Punctuation,정형돈,15
…,Punctuation,최단비,3
가,Foreign,박명수,1
가,Josa,길,20
가,Josa,김태호,16
가,Josa,노홍철,20
가,Josa,모두,1
가,Josa,박명수,20
가,Josa,유재석,22
가,Josa,장진영,9
가,Josa,정준하,18
가,Josa,정형돈,16
가,Josa,최단비,2
가,Verb,길,1
가,Verb,박명수,1
가,Verb,유재석,1
가,Verb,정준하,2
가,Verb,정형돈,1
가가,Noun,정형돈,1
가감,Noun,정형돈,1
가리라고는,Verb,유재석,1
가벼운,Adjective,정준하,1
가셨습니다,Verb,노홍철,1
가셨죠,Verb,유재석,1
가수,Noun,정준하,1
가요,Noun,유재석,1
가요,Noun,정준하,1
가요,Noun,판사,1
가운데,Noun,노홍철,1
가자,Verb,정형돈,1
가장,Noun,정형돈,1
가지,Noun,노홍철,1
가지,Noun,박명수,1
가지,Noun,유재석,2
가지,Noun,정준하,1
가지,Noun,정형돈,1
가진,Verb,최단비,1
가치,Noun,정형돈,1
가치가,Foreign,노홍철,1
가했습니다,Verb,정형돈,1
각자,Noun,유재석,1
각종,Noun,정형돈,1
간,Noun,정준하,1
간단히,Adjective,정형돈,1
갈,Verb,김태호,1
갈,Verb,최단비,1
갈팡질팡,Noun,정형돈,1
감독,Noun,유재석,1
감사하게도,Verb,유재석,1
갑,Noun,판사,1
갑자기,Noun,정준하,2
갑자기,Noun,정형돈,1
갖고,Verb,유재석,1
같,Adjective,길,2
같,Adjective,정준하,1
같습니까,Adjective,장진영,1
같습니다,Adjective,김태호,2
같아서,Adjective,김태호,1
같은,Adjective,길,1
같은,Adjective,정형돈,1
같은데,Adjective,노홍철,1
같이,Adverb,정준하,1
개,Noun,길,1
개,Noun,박명수,1
개였어,Verb,길,1
개월,Noun,김태호,1
개월,Noun,장진영,1
개월,Noun,최단비,1
거,Noun,길,6
거,Noun,김태호,3
거,Noun,노홍철,4
거,Noun,박명수,5
거,Noun,유재석,7
거,Noun,장진영,1
거,Noun,정준하,3
거,Noun,정형돈,4
거,Noun,최단비,3
거기,Noun,길,1
거기,Noun,김태호,2
거기,Noun,박명수,1
거기,Noun,정준하,1
거야,Eomi,정형돈,1
거잿,Noun,정형돈,1
거지,Noun,노홍철,2
거지,Noun,박명수,1
거지,Noun,정형돈,1
거짓말,Noun,길,1
거짓말,Noun,김태호,1
거짓말,Noun,유재석,1
거짓말,Noun,판사,1
건,Noun,최단비,1
건방진,Adjective,박명수,1
건졌,Verb,유재석,1
건지셨죠,Verb,박명수,1
걸,Noun,길,2
걸,Noun,노홍철,2
걸,Noun,박명수,3
걸,Noun,유재석,1
걸,Noun,정준하,1
걸,Noun,정형돈,1
걸,Noun,최단비,2
걸려,Verb,모두,1
걸었는데요,Verb,기자들,1
검은,Adjective,김태호,2
검토,Noun,최단비,1
겁,Noun,길,1
겁,Noun,노홍철,2
겁,Noun,유재석,1
겁,Noun,장진영,2
겁,Noun,정준하,1
겁,Noun,정형돈,1
겁,Noun,판사,1
겁난다,Verb,박명수,1
겁니다,Verb,길,2
겁니다,Verb,노홍철,2
겁니다,Verb,박명수,1
겁니다,Verb,정준하,2
겁니다,Verb,정형돈,2
것,Noun,길,3
것,Noun,김태호,3
것,Noun,노홍철,5
것,Noun,박명수,2
것,Noun,유재석,6
것,Noun,장진영,2
것,Noun,정준하,8
것,Noun,정형돈,6
것,Noun,최단비,5
것입,Noun,장진영,1
게,Josa,길,2
게,Josa,노홍철,3
게,Josa,박명수,2
게,Josa,정준하,1
게,Noun,노홍철,1
게,Noun,정준하,2
겠죠,Verb,노홍철,1
겨를,Noun,김태호,1
겨를,Noun,정준하,1
격려,Noun,박명수,1
결국,Adverb,정준하,1
결심,Noun,모두,1
결혼,Noun,정준하,1
경,Modifier,노홍철,1
경,Noun,김태호,1
경험,Noun,노홍철,1
계,Suffix,노홍철,1
계세,Noun,정준하,1
계속,Noun,길,1
계신,Adjective,유재석,1
계신가요,Adjective,판사,1
계십니다,Adjective,정형돈,1
계약,Noun,박명수,2
계약,Noun,정형돈,3
계약서,Noun,정형돈,1
고,Josa,길,1
고,Josa,노홍철,2
고,Josa,유재석,2
고,Josa,정준하,3
고,Noun,노홍철,1
고,Noun,박명수,1
고루,Noun,정형돈,1
고마워,Adjective,정형돈,1
고문,Noun,박명수,2
고소,Noun,유재석,2
고소하고,Adjective,길,1
고소할,Adjective,길,1
고소할거야,Adjective,길,2
고소할거에요,Adjective,길,1
고여,Noun,정준하,2
고요,Noun,박명수,1
고요,Noun,정준하,1
고쳤어요,Verb,박명수,1
곯아,Verb,박명수,1
공개,Noun,장진영,1
과,Josa,박명수,1
과,Josa,정준하,1
과,Josa,최단비,1
과거,Noun,노홍철,1
과는,Josa,정형돈,1
과목,Noun,박명수,1
과연,Noun,유재석,1
광고,Noun,유재석,1
광고,Noun,정준하,3
광고,Noun,정형돈,5
광고주,Noun,유재석,1
괜찮습니다,Adjective,길,1
괜찮습니다,Adjective,판사,1
굉장히,Adjective,박명수,1
굉장히,Adjective,정형돈,3
구,Modifier,박명수,2
구,Modifier,정형돈,1
구멍,Noun,유재석,1
국민,Noun,길,1
국민,Noun,정형돈,1
군,Noun,박명수,1
굳히,Verb,정형돈,1
굳히기,Verb,정형돈,1
궁금합니다,Adjective,길,1
권력자,Noun,길,2
권력자,Noun,유재석,1
권리,Noun,길,1
귀여운,Adjective,노홍철,1
귀여운,Adjective,정준하,1
귀여운,Adjective,정형돈,1
귓,Noun,유재석,1
귓구멍,Noun,정형돈,1
귓구멍이라뇨,Noun,유재석,1
그,Determiner,유재석,1
그,Noun,길,4
그,Noun,김태호,4
그,Noun,노홍철,7
그,Noun,박명수,8
그,Noun,유재석,3
그,Noun,장진영,3
그,Noun,정준하,1
그,Noun,정형돈,9
그,Noun,최단비,5
그간,Noun,노홍철,1
그거,Noun,김태호,1
그거,Noun,노홍철,1
그거,Noun,박명수,2
그거,Noun,유재석,2
그거,Noun,정준하,1
그거,Noun,정형돈,1
그건,Adverb,유재석,2
그걸,Adverb,박명수,3
그걸,Adverb,정준하,2
그걸,Adverb,정형돈,1
그것,Noun,노홍철,1
그것,Noun,유재석,1
그게,Noun,길,5
그게,Noun,유재석,5
그게,Noun,정준하,3
그게,Noun,정형돈,4
그게,Noun,최단비,1
그날,Noun,정형돈,1
그냥,Noun,노홍철,3
그닥,Noun,길,1
그대로,Noun,김태호,1
그대로,Noun,노홍철,1
그대로,Noun,유재석,1
그때,Noun,길,1
그때,Noun,장진영,1
그래,Adjective,길,1
그래,Adjective,모두,1
그래,Adjective,박명수,1
그래,Adjective,정준하,3
그래,Adjective,정형돈,1
그래그래,Noun,유재석,1
그래도,Adverb,유재석,1
그래서,Adverb,길,1
그래서,Adverb,김태호,2
그래서,Adverb,노홍철,2
그래서,Adverb,유재석,1
그래서,Adverb,정준하,1
그래요,Adjective,길,2
그래요,Adjective,정준하,1
그랬을,Adjective,정준하,1
그러고,Adjective,노홍철,1
그러냐,Adjective,정형돈,1
그러면,Adverb,노홍철,1
그러면,Adverb,유재석,3
그러면,Adverb,정준하,3
그러세요,Adjective,유재석,1
그러십니까,Adjective,정준하,1
그러잖아,Adjective,박명수,1
그러지,Adjective,정준하,1
그런,Adjective,유재석,1
그런,Adjective,정준하,1
그런거,Adjective,정준하,1
그런데,Conjunction,길,2
그런데,Conjunction,최단비,1
그럴,Adjective,정준하,1
그럼,Adjective,길,1
그럼,Adjective,김태호,1
그럼,Adjective,노홍철,1
그럼,Adjective,장진영,1
그럼,Adjective,최단비,2
그럽니다,Adjective,정준하,1
그렇게,Adverb,길,2
그렇게,Adverb,박명수,2
그렇게,Adverb,유재석,2
그렇게,Adverb,장진영,2
그렇게,Adverb,정준하,2
그렇게,Adverb,정형돈,1
그렇게,Adverb,최단비,1
그렇다면,Adjective,길,2
그렇습니다,Adjective,길,1
그렇습니다,Adjective,유재석,2
그렇죠,Adjective,유재석,1
그렇지,Adjective,박명수,2
그렇지,Adjective,유재석,1
그룹,Noun,정준하,1
그리고,Conjunction,김태호,1
그리고,Conjunction,노홍철,2
그리고,Conjunction,박명수,4
그리고,Conjunction,정준하,2
그리고,Conjunction,정형돈,3
그리고요,Verb,길,1
그리구요,Verb,길,1
그림,Noun,정형돈,1
근거,Noun,유재석,1
근데,Adverb,길,1
근데,Adverb,김태호,1
근데,Adverb,유재석,2
근데,Adverb,정준하,3
근데,Adverb,최단비,1
금,Noun,정준하,1
금액,Noun,박명수,1
금융,Noun,박명수,1
금치,Noun,노홍철,1
기,Noun,박명수,1
기,Noun,정형돈,1
기다리십,Verb,정준하,1
기단,Noun,노홍철,1
기본,Noun,노홍철,1
기본,Noun,정형돈,1
기분,Noun,박명수,1
기억,Noun,노홍철,2
기억,Noun,정형돈,2
기억,Noun,최단비,1
긴,Verb,유재석,1
길,Noun,길,1
길,Noun,김태호,2
길,Noun,노홍철,6
길,Noun,박명수,2
길,Noun,장진영,2
길,Noun,정형돈,3
길,Noun,최단비,3
길군,Verb,박명수,1
길성준,Noun,박명수,1
길성준,Noun,정준하,2
길성준,Noun,정형돈,1
길씨,Noun,기자들,1
길씨,Noun,김태호,1
길씨,Noun,노홍철,2
길씨,Noun,유재석,5
길씨,Noun,장진영,1
길씨,Noun,정준하,1
길씨,Noun,정형돈,3
길씨,Noun,최단비,2
길이,Noun,김태호,1
길이,Noun,노홍철,3
길이,Noun,박명수,1
길이,Noun,정형돈,1
김연아,Noun,김태호,1
김연아,Noun,노홍철,1
김태호,Noun,길,3
김태호,Noun,김태호,1
김태호,Noun,노홍철,3
김태호,Noun,박명수,2
김태호,Noun,유재석,2
김태호,Noun,장진영,1
김태호,Noun,정준하,6
김태호,Noun,정형돈,1
김태호,Noun,최단비,1
까지,Josa,김태호,2
까지,Josa,노홍철,1
까지,Josa,박명수,1
까지,Josa,정준하,2
까지,Josa,정형돈,2
까지,Josa,최단비,2
깜짝,Noun,박명수,2
깜짝깜짝,Adverb,박명수,1
깨,Noun,정준하,1
깨고,Verb,정준하,1
깨끗하다는,Adjective,노홍철,1
깨끗한,Adjective,노홍철,1
깨서,Verb,김태호,1
깨워서,Verb,유재석,1
깬,Verb,정준하,2
깼을,Verb,정형돈,1
깼지,Verb,노홍철,1
께,Josa,길,1
께,Josa,정형돈,1
께서,Josa,유재석,1
꼭,Noun,박명수,1
꿇어요,Verb,유재석,1
꿇으시는,Verb,길,1
뀌,Noun,노홍철,1
끝,Noun,노홍철,1
끝나요,Verb,박명수,1
끝난,Verb,노홍철,1
나,Josa,정준하,2
나,Noun,길,4
나,Noun,김태호,1
나,Noun,정준하,1
나가겠습니다,Verb,박명수,1
나가고,Verb,김태호,1
나가고,Verb,박명수,1
나가기,Verb,유재석,1
나가도,Verb,길,1
나가서,Verb,장진영,1
나간,Verb,노홍철,1
나간,Verb,정형돈,1
나나,Noun,박명수,1
나는데,Verb,정준하,1
나도,Verb,길,1
나도,Verb,박명수,1
나쁘다는데,Adjective,박명수,1
나쁜,Adjective,김태호,1
나쁜,Adjective,장진영,1
나서,Verb,노홍철,1
나서겠다는,Verb,유재석,1
나아요,Verb,정형돈,1
나오겠습니다,Verb,정준하,1
나오는걸,Verb,정형돈,1
나오세요,Verb,박명수,1
나오시죠,Verb,판사,1
나오실,Verb,유재석,1
나오자마자,Verb,박명수,2
나온게,Verb,장진영,1
나와,Verb,판사,1
나와계십니다,Verb,정준하,1
나와있었습니다,Verb,김태호,1
나왔는데,Verb,길,1
나왔을,Verb,김태호,1
나이,Noun,정준하,2
나중,Noun,박명수,1
난,Noun,길,1
난다,Verb,정형돈,1
난대,Noun,박명수,1
날,Noun,김태호,1
날,Noun,노홍철,1
날,Noun,정준하,1
날,Noun,최단비,2
남성,Noun,정준하,1
남자,Noun,박명수,1
납니다,Verb,정준하,1
났습니까,Verb,정준하,2
났습니다,Verb,김태호,2
내,Noun,길,3
내,Noun,김태호,3
내,Noun,박명수,2
내,Noun,유재석,2
내,Noun,장진영,1
내고,Verb,정준하,1
내놓으셨,Verb,박명수,1
내놔,Verb,정형돈,1
내보여주시죠,Verb,정형돈,1
내용,Noun,정준하,1
내용,Noun,정형돈,2
냄새,Noun,김태호,1
냄새,Noun,박명수,1
냄새,Noun,정준하,3
냐,Josa,길,2
너,Noun,길,2
너,Noun,박명수,2
너,Noun,정준하,1
너,Noun,정형돈,1
너무,Adverb,길,1
너무,Adverb,노홍철,1
너무,Adverb,박명수,1
너무,Adverb,유재석,1
넘었는데,Verb,박명수,1
넣어주세요,Verb,박명수,1
네,Josa,길,1
네,Josa,정준하,1
네,Noun,길,1
네,Noun,김태호,4
네,Noun,노홍철,1
네,Noun,장진영,1
네,Noun,정준하,1
네,Noun,판사,1
년,Noun,길,1
노랑,Noun,길,1
노력,Noun,정형돈,1
노상,Noun,정형돈,1
노홍철,Noun,노홍철,1
노홍철,Noun,정준하,7
노홍철,Noun,정형돈,1
녹화,Noun,박명수,1
녹화,Noun,정형돈,1
놀라,Verb,박명수,2
놀라면,Verb,김태호,1
놀라요,Verb,박명수,1
놀리기,Verb,정준하,1
놀리십니까,Verb,정준하,1
놀림,Noun,정준하,1
농담,Noun,박명수,1
높아졌다,Verb,정형돈,1
뇌물,Noun,정형돈,1
누,Noun,길,1
누가,Noun,김태호,2
누가,Noun,노홍철,2
누가,Noun,장진영,1
누구,Noun,유재석,1
누군데,Adverb,길,1
누지,Noun,길,1
눈,Noun,길,3
눈,Noun,김태호,1
눈,Noun,노홍철,1
눈,Noun,유재석,1
눈,Noun,정준하,1
는,Josa,기자들,2
는,Josa,길,14
는,Josa,김태호,4
는,Josa,노홍철,10
는,Josa,박명수,8
는,Josa,유재석,4
는,Josa,장진영,3
는,Josa,정준하,18
는,Josa,정형돈,10
는,Verb,길,1
는,Verb,박명수,1
니,Josa,정준하,1
니까,Josa,길,1
니까,Josa,김태호,1
니까,Josa,노홍철,3
니까,Josa,박명수,4
니까,Josa,유재석,4
니까,Josa,장진영,4
니까,Josa,정준하,5
니까,Josa,정형돈,5
니까,Josa,판사,1
니요,Noun,유재석,1
님,Noun,최단비,1
님,Suffix,박명수,3
님,Suffix,유재석,5
님,Suffix,정준하,3
님,Suffix,정형돈,3
님,Suffix,최단비,1
다,Adverb,길,6
다,Adverb,노홍철,1
다,Adverb,박명수,1
다,Adverb,정준하,4
다,Adverb,정형돈,2
다,Josa,노홍철,2
다,Josa,박명수,2
다,Josa,장진영,1
다가,Noun,최단비,1
다가갔기,Verb,정형돈,1
다기,Noun,유재석,1
다녀서,Verb,노홍철,1
다니는데,Verb,박명수,1
다르다고,Adjective,노홍철,1
다섯,Determiner,박명수,1
다섯,Noun,박명수,1
다시,Noun,노홍철,1
다시,Noun,정준하,3
다시,Noun,최단비,1
다음,Noun,김태호,2
다음,Noun,장진영,1
다음,Noun,정준하,1
다쳤거든요,Verb,박명수,1
다치고,Verb,박명수,1
다행,Noun,박명수,1
닦아가지고,Verb,정준하,1
닦아주려고,Verb,유재석,1
닦아주었는데,Verb,정준하,1
닦았을까요,Verb,정형돈,1
닦았죠,Verb,노홍철,1
닦으신,Verb,노홍철,1
닦은,Verb,노홍철,1
닦지,Verb,노홍철,1
닦지,Verb,유재석,1
달라,Noun,길,1
달았고,Verb,정준하,1
답변,Noun,장진영,1
당겼습니다,Verb,김태호,1
당사자,Noun,박명수,1
당시,Noun,노홍철,1
당시,Noun,정형돈,4
당연한,Adjective,노홍철,1
당연히,Adjective,길,1
당일,Noun,정준하,1
당하게,Adjective,정준하,1
당황,Noun,노홍철,1
대로,Josa,정형돈,1
대며,Verb,정형돈,1
대요,Noun,박명수,1
대우,Noun,정형돈,1
대접,Noun,정준하,1
대중,Noun,정준하,1
대한,Noun,장진영,1
대한,Noun,정형돈,2
대해,Noun,길,2
대해,Noun,유재석,1
대해,Noun,정준하,1
대해,Noun,정형돈,3
대해,Noun,최단비,1
더,Noun,길,1
더,Noun,김태호,1
더,Noun,노홍철,1
더,Noun,유재석,1
더,Noun,장진영,1
더,Noun,정형돈,2
더군다나,Noun,정준하,1
더럽다고,Adjective,길,1
더럽다고,Adjective,노홍철,1
덕분,Noun,정형돈,1
데,Noun,유재석,1
데,Noun,정준하,1
데,Noun,최단비,1
도,Josa,김태호,2
도,Josa,노홍철,1
도,Josa,박명수,2
도,Josa,유재석,2
도,Josa,정준하,3
도,Josa,최단비,2
도,Josa,판사,1
도,Noun,박명수,1
도둑,Noun,노홍철,1
도와주세요,Verb,길,2
도와주시는,Verb,유재석,1
돈,Noun,박명수,1
돌,Noun,정형돈,1
돌리겠습니다,Verb,길,1
돌리고,Verb,최단비,1
돌아올,Verb,길,1
돌아이,Noun,노홍철,1
동,Modifier,노홍철,1
동네,Noun,박명수,2
동의,Noun,유재석,1
돼,Verb,박명수,1
돼,Verb,정형돈,1
돼요,Verb,길,1
돼요,Verb,김태호,1
돼요,Verb,박명수,1
돼있으면,Verb,박명수,1
됐다,Verb,정형돈,1
됐습니까,Verb,유재석,1
됐습니까,Verb,정준하,1
됐어,Verb,길,1
되겠냐고,Verb,길,1
되겠느냐라고,Verb,길,1
되겠습니까,Verb,유재석,1
되겠습니까,Verb,정형돈,1
되고요,Verb,판사,1
되냐,Verb,정형돈,1
되는,Verb,길,1
되는,Verb,유재석,1
되는,Verb,장진영,1
되는건,Verb,유재석,1
되십니까,Verb,박명수,1
되어,Verb,정준하,2
되었습니다,Verb,정준하,1
되었습니다,Verb,정형돈,1
되죠,Verb,노홍철,1
된,Verb,김태호,1
된,Verb,노홍철,1
된거,Noun,박명수,1
된다는,Verb,길,1
될,Verb,정형돈,1
될까,Verb,길,1
됩니까,Verb,유재석,2
두,Determiner,유재석,1
두,Modifier,박명수,2
두,Modifier,정형돈,1
두,Noun,노홍철,1
두,Noun,박명수,1
두,Noun,유재석,2
두번째,Noun,박명수,1
두운,Noun,최단비,1
둘,Noun,박명수,1
뒤,Noun,정형돈,1
뒤끝,Noun,정준하,1
드높이는,Verb,노홍철,1
드라마,Noun,노홍철,1
드려고,Verb,길,1
드려도,Verb,길,1
드리겠습니다,Verb,길,1
드리는,Verb,박명수,1
드리는데,Verb,정준하,1
드릴게요,Verb,장진영,1
드립니다,Verb,정준하,1
드립시다,Verb,박명수,1
듣고,Verb,노홍철,1
듣지,Verb,길,1
들,Suffix,길,2
들,Suffix,노홍철,2
들,Suffix,박명수,5
들,Suffix,유재석,4
들,Suffix,장진영,1
들,Suffix,정준하,1
들,Suffix,정형돈,5
들,Suffix,최단비,1
들,Verb,박명수,1
들,Verb,정준하,1
들고,Verb,기자들,1
들고,Verb,김태호,2
들고,Verb,노홍철,1
들어,Verb,노홍철,1
들어,Verb,유재석,1
들어가,Verb,정준하,1
들어가시던데,Verb,유재석,1
들어오는,Verb,길,1
들어오지,Verb,김태호,1
들어와서,Verb,박명수,1
들어와서,Verb,정형돈,1
들어왔습니까,Verb,박명수,2
들어왔습니다,Verb,박명수,1
들어왔었습니다,Verb,길,1
들었거든요,Verb,정준하,1
들었다잖아,Verb,정형돈,1
들었어,Verb,모두,1
들었을,Verb,김태호,1
들었을,Verb,최단비,1
들은,Verb,김태호,1
들은,Verb,정준하,1
등,Noun,유재석,1
등,Noun,최단비,1
따라,Verb,김태호,1
따지면,Verb,박명수,1
딱,Adverb,정형돈,1
딱히,Adjective,노홍철,1
딴,Verb,박명수,1
딴,Verb,정준하,1
때,Noun,길,1
때,Noun,김태호,8
때,Noun,노홍철,5
때,Noun,박명수,1
때,Noun,유재석,2
때,Noun,정준하,3
때,Noun,정형돈,4
때,Noun,최단비,2
때린건,Verb,박명수,1
때문,Noun,노홍철,1
때문,Noun,박명수,1
때문,Noun,유재석,2
때문,Noun,정준하,1
때문,Noun,정형돈,4
때문,Noun,최단비,1
땡큐,Noun,정형돈,1
떄,Noun,정준하,1
떠는,Verb,노홍철,1
떠보니까,Verb,김태호,1
떠오르는,Verb,노홍철,1
떨어졌다,Verb,정형돈,1
떨어지고,Verb,김태호,1
떨어지는,Verb,김태호,1
떨어지는데,Verb,길,1
떨어질텐데,Verb,박명수,1
떨지,Verb,박명수,1
떴을,Verb,정준하,1
또,Noun,노홍철,1
또,Noun,정준하,1
똑같습니다,Adjective,정준하,1
똥,Noun,정준하,1
똥글똥글,Noun,길,1
뚝뚝,Noun,김태호,1
뚱떙,Noun,유재석,1
뚱보,Noun,박명수,1
뛰었습니다,Verb,노홍철,1
뜨거운,Adjective,박명수,1
뜨거운,Adjective,유재석,1
뜯는게,Verb,노홍철,1
라,Josa,유재석,1
라고,Josa,길,1
라고,Josa,김태호,3
라고,Josa,노홍철,5
라고,Josa,유재석,1
라고,Josa,정준하,1
라고,Josa,정형돈,1
라고,Josa,최단비,1
라는,Josa,길,1
라는,Josa,노홍철,1
라는,Josa,유재석,2
라는,Josa,장진영,1
라는,Josa,정준하,1
라는,Josa,정형돈,4
라는,Josa,최단비,4
라도,Josa,박명수,1
라도,Josa,최단비,1
라며,Noun,노홍철,1
라면,Noun,유재석,2
라서,Noun,노홍철,1
랑,Josa,길,1
렀습,Noun,정준하,1
로,Josa,길,4
로,Josa,노홍철,2
로,Josa,박명수,2
로,Josa,유재석,2
로,Josa,장진영,1
로,Josa,정준하,4
로,Josa,정형돈,4
로,Josa,판사,1
로는,Josa,김태호,1
로서,Noun,장진영,1
로서,Noun,정형돈,2
롭고,Josa,노홍철,1
를,Josa,기자들,1
를,Josa,길,6
를,Josa,김태호,6
를,Josa,노홍철,8
를,Josa,박명수,8
를,Josa,유재석,15
를,Josa,장진영,1
를,Josa,정준하,14
를,Josa,정형돈,13
를,Josa,최단비,3
를,Josa,판사,1
를,Noun,박명수,1
를,Noun,유재석,1
를,Noun,장진영,1
리가,Noun,김태호,2
리쌍,Noun,길,1
마,Noun,정형돈,2
마다,Josa,유재석,1
마리,Noun,박명수,1
마시고요,Verb,정준하,1
마시기,Noun,박명수,1
마시지,Verb,김태호,1
마음,Noun,정준하,1
마지막,Noun,정준하,1
마쳤구요,Verb,노홍철,1
마치도록,Verb,판사,1
마치셨습니까,Verb,판사,1
막내,Noun,유재석,1
막던지는구만,Verb,정형돈,1
막막해요,Adjective,박명수,1
막말,Noun,노홍철,1
막말,Noun,정준하,1
만,Josa,길,1
만,Josa,노홍철,1
만,Josa,박명수,4
만,Josa,유재석,3
만,Josa,정준하,3
만,Josa,정형돈,4
만,Josa,판사,1
만,Modifier,박명수,2
만,Noun,길,1
만,Noun,박명수,1
만,Suffix,유재석,2
만,Suffix,정준하,3
만나주질,Verb,박명수,1
만날,Noun,박명수,1
만납니까,Verb,박명수,1
만드는,Verb,유재석,1
만든,Verb,장진영,1
만들어,Verb,길,2
만들어도,Verb,길,1
만들어서,Verb,유재석,1
만들어야지,Verb,박명수,1
만들었잖아요,Verb,길,1
만약,Noun,길,2
만약,Noun,정형돈,1
만일,Noun,김태호,1
만취,Noun,정형돈,1
많습니까,Adjective,정형돈,1
많았죠,Adjective,김태호,1
많은,Adjective,노홍철,1
많은,Adjective,유재석,1
많은,Adjective,정준하,1
많은,Adjective,정형돈,2
많이,Adverb,김태호,1
많이,Adverb,노홍철,1
많이,Adverb,박명수,1
많이,Adverb,유재석,2
많이,Adverb,정준하,1
말,Noun,길,4
말,Noun,김태호,3
말,Noun,박명수,3
말,Noun,유재석,4
말,Noun,장진영,2
말,Noun,정준하,3
말,Noun,정형돈,4
말,Noun,최단비,1
말고,Josa,박명수,1
말리,Noun,정준하,1
말씀,Noun,길,2
말씀,Noun,노홍철,1
말씀,Noun,박명수,4
말씀,Noun,유재석,3
말씀,Noun,정준하,2
말씀,Noun,정형돈,1
말씀,Noun,최단비,2
말씀,Noun,판사,1
말씀드리겠는데,Verb,정형돈,1
말씀드리고,Verb,길,1
말씀드리는,Verb,정준하,1
말씀드리지만,Verb,정준하,1
말입,Noun,노홍철,1
말쟁이,Noun,정형돈,1
맞나,Verb,정준하,1
맞는,Verb,정준하,1
맞서,Verb,노홍철,1
맞습니다,Verb,길,1
맞아요,Verb,길,1
맞아요,Verb,유재석,1
맞을까,Verb,김태호,1
맞지,Verb,정형돈,1
맡는다,Verb,박명수,1
맡을,Verb,김태호,1
매일,Noun,박명수,1
맥주,Noun,박명수,1
맥주,Noun,정형돈,1
맹세,Noun,김태호,1
머리,Noun,길,2
머리,Noun,김태호,2
머리,Noun,노홍철,1
머리,Noun,박명수,1
머리,Noun,정준하,2
머리,Noun,정형돈,2
먹고,Verb,김태호,1
먹고,Verb,박명수,2
먹고,Verb,장진영,2
먼저,Noun,유재석,1
먼저,Noun,장진영,1
먼저,Noun,판사,1
멍,Noun,박명수,1
멍청한,Adjective,박명수,1
멤버,Noun,박명수,1
면,Josa,박명수,1
면,Noun,길,2
면,Noun,정준하,1
명,Noun,유재석,3
명백한,Adjective,노홍철,1
명예,Noun,길,2
명예,Noun,노홍철,6
명예,Noun,유재석,1
명예,Noun,정준하,6
명예,Noun,정형돈,3
명예훼손,Noun,노홍철,3
명예훼손,Noun,유재석,3
명예훼손,Noun,정준하,2
명예훼손죄,Noun,길,5
명의,Noun,노홍철,1
몇,Modifier,박명수,1
몇,Modifier,정형돈,1
몇,Noun,길,1
몇,Noun,장진영,1
모델,Noun,박명수,2
모두,Noun,노홍철,4
모두,Noun,안내인,2
모든,Modifier,노홍철,1
모든,Modifier,정형돈,1
모든,Noun,정형돈,1
모르는,Verb,정형돈,1
모시도록,Verb,노홍철,1
모욕,Noun,길,1
목격,Noun,길,1
목격,Noun,노홍철,1
목격,Noun,정형돈,1
목격자,Noun,노홍철,1
목격자,Noun,장진영,1
목소리,Noun,유재석,2
목소리,Noun,정형돈,1
몰래,Noun,정형돈,1
몰아,Verb,정형돈,1
몰아가니까,Verb,김태호,1
몰아가면,Verb,길,1
몸,Noun,김태호,3
못,Noun,노홍철,1
못,Noun,유재석,1
못,Noun,정형돈,1
못,VerbPrefix,길,1
못,VerbPrefix,박명수,2
못,VerbPrefix,정준하,3
무단,Noun,노홍철,1
무덤,Noun,김태호,1
무렵,Noun,노홍철,1
무릎,Noun,길,1
무릎,Noun,유재석,1
무슨,Modifier,유재석,1
무슨,Modifier,정형돈,1
무슨,Noun,노홍철,1
무슨,Noun,박명수,1
무슨,Noun,유재석,3
무슨,Noun,정준하,1
무슨,Noun,정형돈,4
무식하네,Adjective,길,1
무엇,Noun,길,1
무전,Noun,길,2
무조건,Noun,노홍철,1
무한도전,Noun,길,1
무한도전,Noun,박명수,2
무한도전,Noun,유재석,1
무한도전,Noun,장진영,1
문,Modifier,박명수,1
문,Noun,김태호,1
문어,Noun,노홍철,1
문어,Noun,박명수,1
문자,Noun,김태호,1
문자,Noun,노홍철,1
문자,Noun,유재석,1
문제,Noun,정형돈,2
문젭니,Noun,박명수,1
묻자,Verb,노홍철,1
묻지도,Verb,노홍철,1
물,Noun,김태호,2
물,Noun,노홍철,4
물,Noun,박명수,1
물,Noun,유재석,1
물,Noun,정준하,5
물,Noun,최단비,1
물기,Noun,노홍철,1
물론,Adverb,박명수,1
물소,Noun,김태호,2
물어,Noun,노홍철,1
물어보겠습니다,Verb,길,2
물어보는,Verb,정형돈,1
물어보도록,Verb,정형돈,1
물어보지,Verb,길,1
물어볼게요,Verb,정형돈,1
물어봤습니다,Verb,김태호,1
물었습니다,Verb,노홍철,1
물었을,Verb,노홍철,1
물이,Noun,길,1
물이,Noun,김태호,3
물이,Noun,노홍철,3
물이,Noun,정준하,1
물이,Noun,정형돈,2
물통,Noun,정준하,1
물통이,Noun,정형돈,3
뭐,Noun,기자들,1
뭐,Noun,길,8
뭐,Noun,노홍철,6
뭐,Noun,박명수,4
뭐,Noun,유재석,3
뭐,Noun,정형돈,1
뭐,Noun,최단비,2
뭐라고,Verb,유재석,1
뭐라구요,Verb,유재석,1
뭐라도,Verb,박명수,1
뭔,Modifier,정준하,1
뭔,Modifier,정형돈,1
뭔가,Noun,정형돈,1
뭘,Noun,유재석,1
뭡,Noun,유재석,1
뭡,Noun,정준하,1
미리,Noun,정형돈,1
민,Noun,노홍철,1
민,Noun,정형돈,1
밀려,Verb,길,1
바,Noun,노홍철,1
바,Noun,정준하,1
바닥,Noun,김태호,1
바닥,Noun,정준하,2
바라겠습니다,Verb,정형돈,1
바라보고,Verb,최단비,1
바랍니다,Verb,박명수,2
바랍니다,Verb,최단비,1
바보,Noun,길,1
바보,Noun,노홍철,2
바지,Noun,노홍철,2
바탕,Noun,노홍철,1
박명수,Noun,유재석,1
박수,Noun,길,1
박수,Noun,박명수,1
박수,Noun,유재석,1
박정아,Noun,박명수,1
반,Modifier,장진영,2
반,Modifier,정형돈,1
반,Modifier,판사,1
반,Noun,유재석,1
반바지,Noun,길,2
반박,Noun,장진영,1
반박,Noun,판사,1
받고,Verb,정형돈,1
받기로,Verb,김태호,1
받습니다,Verb,판사,1
받아서,Verb,박명수,1
받아서,Verb,유재석,1
받아야,Verb,박명수,2
받았으니까,Verb,노홍철,1
받으려고,Verb,노홍철,1
받으려면,Verb,정준하,1
받을라고,Verb,박명수,3
발,Noun,노홍철,1
발음,Noun,정준하,1
밝혀야,Verb,유재석,1
밝혀지는군요,Verb,노홍철,1
밤,Noun,길,1
방,Noun,길,2
방,Noun,김태호,1
방,Noun,노홍철,2
방,Noun,정준하,1
방,Noun,정형돈,1
방,Noun,최단비,1
방귀,Noun,노홍철,1
방뇨,Noun,노홍철,1
방뇨,Noun,정형돈,1
방송,Noun,길,5
방송,Noun,노홍철,1
방송,Noun,유재석,1
방송,Noun,장진영,3
방송,Noun,정준하,3
방송,Noun,정형돈,2
방송,Noun,최단비,2
방안,Noun,노홍철,1
배,Noun,김태호,1
배경,Noun,유재석,1
배려,Noun,정형돈,2
배우신,Verb,박명수,1
배치,Noun,정형돈,2
버르장머리,Noun,박명수,1
번,Noun,길,2
번,Noun,박명수,2
번,Noun,정준하,3
번,Noun,정형돈,2
번째,Suffix,박명수,1
벌,Noun,김태호,1
벌써,Noun,정형돈,1
벌어질,Verb,정준하,1
법,Noun,유재석,1
법원,Noun,유재석,1
법정,Noun,노홍철,2
법정,Noun,박명수,2
법정,Noun,정준하,1
법정,Noun,정형돈,1
벗고,Verb,김태호,1
벗고,Verb,정준하,1
변론,Noun,노홍철,1
변론,Noun,박명수,1
변론,Noun,판사,1
변호사,Noun,길,1
변호사,Noun,박명수,1
변호사,Noun,유재석,2
변호사,Noun,정준하,3
변호사,Noun,정형돈,4
변호인,Noun,유재석,1
변호인,Noun,정형돈,3
별,Noun,유재석,1
별명,Noun,유재석,1
별명,Noun,정형돈,3
별명,Noun,최단비,1
보겠습니다,Verb,길,1
보겠습니다,Verb,박명수,2
보겠습니다,Verb,유재석,2
보고,Noun,김태호,1
보고,Noun,박명수,1
보고,Noun,유재석,1
보기,Noun,정준하,1
보기,Noun,정형돈,1
보내셨습니까,Verb,유재석,1
보냈습니다,Verb,김태호,1
보는,Verb,최단비,1
보다,Josa,정형돈,2
보다는,Josa,유재석,1
보도록,Verb,정형돈,1
보리차,Noun,정준하,1
보면,Verb,정준하,1
보면서,Verb,박명수,1
보세요,Verb,길,1
보세요,Verb,노홍철,1
보셨나요,Verb,최단비,1
보셨는데요,Verb,노홍철,1
보셨습니까,Verb,길,1
보신,Noun,최단비,4
보실래요,Verb,정준하,1
보여,Verb,길,1
보였다고요,Verb,길,1
보장,Noun,정형돈,1
보지,Noun,정준하,2
보태,Noun,김태호,1
보호,Noun,박명수,1
보호,Noun,정형돈,1
보호자,Noun,박명수,1
본,Verb,길,1
본,Verb,김태호,1
본,Verb,노홍철,3
본,Verb,박명수,1
본,Verb,유재석,2
본,Verb,정준하,1
본,Verb,정형돈,1
본,Verb,최단비,1
본거,Verb,길,2
본건,Verb,유재석,1
본명,Noun,유재석,1
본명,Noun,정준하,1
본인,Noun,길,1
본인,Noun,김태호,3
본인,Noun,노홍철,1
본인,Noun,박명수,3
본인,Noun,유재석,5
본인,Noun,장진영,1
본인,Noun,정형돈,1
본인,Noun,최단비,1
볼,Noun,노홍철,1
봐,Verb,김태호,1
봐,Verb,유재석,1
봐,Verb,정준하,2
봐도,Verb,정형돈,1
봐야지,Verb,박명수,1
봐야하니까,Verb,유재석,1
봐야하니까,Verb,정준하,1
봐요,Verb,박명수,1
봤다고,Verb,최단비,2
봤습니까,Verb,유재석,1
봤습니까,Verb,정준하,1
봤습니다,Verb,노홍철,1
봤어요,Verb,길,1
봤어요,Verb,노홍철,1
봤을,Verb,김태호,1
봤을,Verb,최단비,1
부르고,Verb,유재석,2
부르냐,Verb,박명수,1
부모님,Noun,박명수,2
부여,Noun,노홍철,2
부족하면,Adjective,박명수,1
부터,Josa,최단비,1
분,Noun,노홍철,1
분,Noun,박명수,2
분,Noun,유재석,5
분,Noun,정준하,2
분,Noun,정형돈,3
분량,Noun,정형돈,1
분명히,Adjective,정준하,1
분명히,Adjective,정형돈,1
분위기,Noun,김태호,1
분위기,Noun,정준하,1
불,Noun,길,1
불경기,Noun,박명수,1
불구,Noun,정형돈,1
불렀습니까,Verb,정형돈,1
불순,Noun,길,1
불안하긴,Adjective,정준하,1
불안하니까,Adjective,정형돈,1
불쾌하죠,Adjective,길,1
불행한,Adjective,길,1
비밀,Noun,김태호,1
비슷한,Adjective,김태호,1
빠지세요,Verb,박명수,1
빠진,Verb,박명수,1
빨,Noun,정준하,1
빨리,Adverb,박명수,1
뿐,Noun,유재석,1
사,Modifier,노홍철,1
사건,Noun,장진영,1
사건,Noun,정준하,2
사건,Noun,정형돈,1
사건,Noun,판사,1
사기꾼,Noun,노홍철,1
사기죄,Noun,모두,2
사람,Noun,길,1
사람,Noun,노홍철,1
사람,Noun,박명수,2
사람,Noun,유재석,1
사람,Noun,장진영,2
사람,Noun,정준하,1
사람,Noun,정형돈,1
사람,Noun,최단비,1
사법연수원,Noun,박명수,1
사생활,Noun,박명수,1
사실,Noun,길,1
사실,Noun,김태호,1
사실,Noun,노홍철,3
사실,Noun,박명수,2
사실,Noun,유재석,1
사실,Noun,정형돈,3
사용,Noun,노홍철,1
사적,Noun,정준하,1
사회,Noun,정준하,2
산재,Noun,박명수,1
산재,Noun,유재석,1
산재,Noun,정형돈,1
살,Noun,박명수,1
살기,Noun,박명수,1
살리려고,Verb,박명수,1
살아남았겠습니까,Verb,박명수,1
살아있,Verb,길,2
살아있다는,Verb,길,2
살이,Noun,정형돈,1
살짝,Noun,김태호,1
살찐,Noun,노홍철,1
상관,Noun,정형돈,1
상관없는,Adjective,정형돈,1
상당히,Adjective,김태호,1
상당히,Adjective,정준하,1
상식,Noun,길,1
상태,Noun,정형돈,1
상황,Noun,정형돈,1
상황,Noun,최단비,2
새,Noun,노홍철,1
새벽,Noun,정형돈,1
생각,Noun,길,4
생각,Noun,김태호,2
생각,Noun,노홍철,4
생각,Noun,유재석,4
생각,Noun,정준하,3
생각,Noun,정형돈,4
생각,Noun,최단비,4
생면,Noun,박명수,1
생명,Noun,박명수,1
서,Josa,길,4
서,Josa,김태호,1
서,Josa,노홍철,2
서,Josa,유재석,2
서,Josa,장진영,1
서,Josa,정형돈,3
서,Josa,최단비,2
서,Verb,김태호,1
서른,Modifier,박명수,1
서른,Noun,유재석,1
서른,Noun,정준하,1
서요,Noun,노홍철,1
서운하시겠는데,Adjective,노홍철,1
섞여있겠죠,Verb,길,1
선서,Noun,김태호,1
선서,Noun,판사,3
섭취,Noun,정준하,1
섰는데,Verb,유재석,1
성,Noun,길,1
성,Suffix,최단비,1
성사,Noun,길,1
세,Noun,박명수,1
세네,Modifier,김태호,1
세번,Noun,박명수,1
셨습,Noun,정형돈,1
셰프,Noun,유재석,1
소란,Noun,박명수,1
소리,Noun,김태호,1
소리,Noun,유재석,2
소리,Noun,정준하,1
소리,Noun,정형돈,2
소릴,Noun,유재석,1
소립,Noun,정형돈,1
소변,Noun,길,4
소변,Noun,노홍철,2
소변,Noun,장진영,1
소변,Noun,정준하,2
소변,Noun,정형돈,1
소변,Noun,최단비,3
소장,Noun,기자들,1
소장,Noun,장진영,3
소장,Noun,정형돈,1
소장,Noun,판사,2
소중하고,Adjective,노홍철,1
소중합니다,Adjective,길,1
속,Noun,정준하,1
속옷,Noun,정형돈,1
손,Noun,박명수,1
손,Noun,정형돈,2
손상,Noun,정형돈,1
손해,Noun,정준하,4
손해배상,Noun,박명수,1
손해배상,Noun,정준하,2
솔직하게,Adjective,박명수,2
솔직히,Adjective,유재석,1
솜털,Noun,노홍철,1
쇼,Noun,길,1
쇼,Noun,유재석,1
쇼,Noun,정준하,1
쇼,Noun,판사,1
수,Noun,길,3
수,Noun,노홍철,1
수,Noun,박명수,1
수,Noun,정준하,1
수,Noun,정형돈,1
수,Noun,최단비,2
수화기,Noun,김태호,1
술,Noun,김태호,2
술,Noun,노홍철,1
술,Noun,장진영,2
술,Noun,정형돈,2
술자리,Noun,정준하,1
숨기거나,Verb,김태호,1
스럽게,Josa,정형돈,1
스케쥴,Noun,정준하,1
스탠드,Noun,노홍철,1
스탠드,Noun,장진영,1
스탠드,Noun,정준하,1
스탭,Noun,길,1
스탭들,Noun,길,1
승리,Noun,길,2
승리,Noun,유재석,1
승소,Noun,박명수,1
승소,Noun,정준하,1
승소,Noun,정형돈,2
시,Noun,길,1
시간,Noun,김태호,1
시간,Noun,박명수,1
시력,Noun,길,1
시력,Noun,박명수,2
시민,Noun,노홍철,1
시오,Noun,안내인,1
시작,Noun,정준하,1
시작,Noun,판사,1
시켜주겠습니까,Verb,박명수,1
시키거나,Verb,박명수,1
시키겠습니까,Verb,박명수,1
시킵니다,Verb,박명수,2
식,Suffix,박명수,1
신데요,Verb,유재석,1
신빙,Noun,최단비,1
신성한,Adjective,노홍철,2
신청,Noun,장진영,1
신청,Noun,정형돈,2
신체,Noun,길,1
실,Noun,정준하,2
실루엣,Noun,김태호,1
실루엣,Noun,노홍철,2
실오라기,Noun,김태호,1
실제,Noun,정형돈,1
싫어요,Adjective,길,1
심각한,Adjective,노홍철,1
심각한,Adjective,정형돈,1
심령,Noun,박명수,1
심문,Noun,길,1
심문,Noun,유재석,1
심문,Noun,정준하,1
심문,Noun,정형돈,1
심문,Noun,판사,7
심심하면,Adjective,정준하,1
심장,Noun,박명수,1
십,Modifier,길,1
십,Modifier,안내인,1
싶어서,Verb,길,1
싶었습니까,Verb,최단비,1
싶은,Verb,길,1
싶은건,Verb,길,1
싸고,Verb,김태호,1
싸는걸,Verb,길,1
싸지,Verb,길,2
싸지,Verb,유재석,1
싼,Verb,길,1
싼,Verb,김태호,1
싼,Verb,노홍철,4
싼,Verb,박명수,1
싼,Verb,유재석,3
싼,Verb,장진영,1
싼,Verb,정준하,4
싼다고,Verb,노홍철,1
쌀,Noun,정형돈,1
쌌냐,Verb,박명수,1
쌌네,Verb,박명수,1
쌌다,Verb,박명수,1
쌌다,Verb,장진영,1
쌌다,Verb,정준하,3
쌌다고,Verb,유재석,3
쌌습니까,Verb,정형돈,1
쌌습니다,Verb,김태호,1
쌌어,Verb,박명수,3
쌌어요,Verb,길,1
쏘고,Verb,김태호,1
쏘고,Verb,노홍철,1
쓰고,Verb,정준하,1
쓰는,Verb,정준하,1
쓰도록,Verb,정형돈,2
쓰지,Verb,길,1
씨,Noun,김태호,1
씨,Noun,노홍철,4
씨,Noun,장진영,2
씨,Noun,정형돈,2
씨,Noun,최단비,3
씨,Suffix,기자들,1
씨,Suffix,길,1
씨,Suffix,김태호,2
씨,Suffix,노홍철,2
씨,Suffix,박명수,1
씨,Suffix,유재석,3
씨,Suffix,정준하,7
씨,Suffix,정형돈,2
씻어주기,Verb,노홍철,1
아,Exclamation,길,2
아,Exclamation,김태호,4
아,Exclamation,노홍철,1
아,Exclamation,박명수,3
아,Exclamation,유재석,2
아,Exclamation,정준하,3
아,Exclamation,정형돈,6
아,Josa,박명수,1
아,Josa,유재석,1
아가씨,Noun,박명수,1
아까부터,Adjective,정형돈,1
아냐,Verb,김태호,1
아냐,Verb,박명수,1
아뇨,Noun,길,1
아뇨,Noun,유재석,1
아는,Verb,정준하,1
아니,Adjective,길,11
아니,Adjective,노홍철,4
아니,Adjective,박명수,5
아니,Adjective,유재석,13
아니,Adjective,정준하,7
아니,Adjective,정형돈,3
아니겠습니까,Adjective,유재석,1
아니고,Adjective,유재석,1
아니고,Adjective,정준하,2
아니고,Adjective,최단비,1
아니고요,Adjective,박명수,1
아니구요,Adjective,정준하,1
아니기,Adjective,최단비,1
아니냐,Adjective,노홍철,1
아니냐고,Adjective,정준하,1
아니다,Adjective,노홍철,2
아니라,Adjective,길,2
아니라,Adjective,정준하,1
아니라고,Adjective,노홍철,1
아니야,Adjective,노홍철,1
아니야,Adjective,정준하,1
아니었죠,Adjective,길,1
아니에요,Adjective,박명수,2
아니에요,Adjective,정형돈,2
아니오,Adjective,김태호,1
아니오,Adjective,최단비,1
아니죠,Adjective,최단비,1
아니지,Adjective,유재석,1
아니하고,Adjective,김태호,1
아닙니까,Adjective,노홍철,1
아닙니까,Adjective,박명수,1
아닙니까,Adjective,정준하,2
아닙니까,Adjective,정형돈,2
아닙니까,Adjective,최단비,1
아닙니다,Adjective,노홍철,1
아닙니다,Adjective,정형돈,1
아무,Noun,정준하,1
아세요,Verb,박명수,1
아세요,Verb,유재석,1
아시,Noun,정준하,2
아시,Noun,정형돈,1
아시다시피,Verb,노홍철,1
아십니까,Verb,정준하,1
아우,Noun,길,1
아유,Noun,정준하,1
아이,Noun,박명수,2
아이,Noun,정형돈,1
아이고,Exclamation,길,1
아이고,Exclamation,정형돈,1
아저씨,Noun,박명수,1
아저씨,Noun,유재석,1
아주,Noun,노홍철,2
아주,Noun,유재석,1
아주,Noun,정준하,2
아직,Adverb,길,1
아침,Noun,김태호,1
아침,Noun,유재석,1
안,Noun,길,2
안,Noun,유재석,1
안,Noun,정준하,1
안,Noun,정형돈,1
안,Noun,최단비,1
안,VerbPrefix,길,1
안,VerbPrefix,김태호,1
안,VerbPrefix,박명수,9
안,VerbPrefix,유재석,2
안,VerbPrefix,정준하,1
안,VerbPrefix,정형돈,1
안경,Noun,정준하,1
안되죠,Adjective,정준하,1
안된다는,Adjective,박명수,1
안된다는,Adjective,정형돈,1
안됩니까,Adjective,박명수,1
안좋은,Adjective,길,1
앉아계세요,Verb,길,1
앉아주십시오,Verb,안내인,1
않고,Verb,정준하,1
않는,Verb,김태호,1
않습니까,Verb,노홍철,1
않습니까,Verb,정준하,2
않습니다,Verb,길,2
않습니다,Verb,김태호,1
않아,Verb,박명수,1
않아가지고,Verb,정형돈,1
않아요,Verb,박명수,1
않았고,Verb,길,1
않았구요,Verb,유재석,1
않았는데,Verb,노홍철,1
않았다,Verb,유재석,1
않았다고,Verb,유재석,1
않았다고,Verb,정준하,1
않았다는,Verb,길,1
않았다는,Verb,정형돈,1
않았습니까,Verb,노홍철,1
않았습니다,Verb,길,4
않았습니다,Verb,유재석,1
않았을까요,Verb,유재석,1
않으셨나요,Verb,길,1
않으셨죠,Verb,길,1
않을,Verb,노홍철,1
알,Noun,김태호,1
알,Noun,유재석,1
알,Noun,장진영,1
알,Noun,정준하,1
알,Noun,정형돈,1
알겠습니다,Verb,김태호,1
알겠습니다,Verb,판사,1
알고싶지도,Verb,박명수,1
알고있는게,Verb,유재석,1
알고있습니다,Verb,유재석,1
알려,Verb,장진영,1
알려지지,Verb,정준하,1
알려진,Verb,노홍철,1
알려진,Verb,정준하,1
알렸습니다,Verb,노홍철,1
알아보고,Verb,길,1
알아보는,Verb,박명수,1
알아봐요,Verb,유재석,1
알아요,Verb,박명수,1
알았다면은,Verb,길,1
알았어,Verb,박명수,1
알았죠,Verb,길,1
알어,Verb,박명수,1
알코올,Noun,정준하,1
앞,Noun,길,1
앞,Noun,박명수,2
앞,Noun,유재석,1
앞,Noun,정준하,1
앞,Noun,판사,1
애,Noun,길,2
애,Noun,정준하,1
애칭,Noun,길,1
앨범,Noun,길,1
야,Exclamation,박명수,1
야,Exclamation,유재석,1
야,Exclamation,정준하,1
야,Exclamation,정형돈,5
야,Josa,길,2
야,Josa,노홍철,1
야,Josa,박명수,1
야,Josa,유재석,1
양보,Noun,유재석,1
양심,Noun,김태호,1
얘,Noun,박명수,1
얘기,Noun,길,8
얘기,Noun,김태호,4
얘기,Noun,노홍철,3
얘기,Noun,박명수,1
얘기,Noun,유재석,7
얘기,Noun,장진영,1
얘기,Noun,정준하,5
얘기,Noun,정형돈,1
얘기,Noun,최단비,1
어,Eomi,김태호,2
어,Eomi,노홍철,1
어,Eomi,박명수,1
어,Noun,최단비,1
어,Suffix,정형돈,1
어느,Modifier,김태호,1
어둠,Noun,정준하,1
어떡해요,Adjective,박명수,1
어떤,Adjective,길,1
어떤,Adjective,유재석,1
어떤,Adjective,정형돈,1
어떻게,Adjective,노홍철,1
어떻게,Adjective,박명수,5
어떻게,Adjective,유재석,1
어떻게,Adjective,정준하,2
어떻게,Adjective,정형돈,1
어떻습니까,Adjective,노홍철,1
어렸을,Verb,유재석,1
어른,Noun,정준하,2
어른이시죠,Verb,정준하,1
어릴,Verb,노홍철,1
어머님,Noun,박명수,1
어어,Noun,정형돈,1
어우,Noun,정준하,2
어젯밤,Noun,정준하,1
어쩔,Adverb,박명수,1
어회,Noun,박명수,1
억,Noun,노홍철,2
억울하니까,Adjective,박명수,1
억울해서,Adjective,길,1
언,Modifier,정형돈,1
언급,Noun,정준하,1
언제,Noun,정형돈,1
얻은,Verb,유재석,1
얼마,Noun,박명수,1
얼마,Noun,정준하,1
얼마,Noun,최단비,1
얼마나,Noun,박명수,1
얼토당토않은,Adjective,노홍철,1
엄마,Noun,길,1
엄마,Noun,김태호,1
엄청난,Adjective,정준하,2
업,Noun,정형돈,1
없고,Adjective,노홍철,1
없고,Adjective,정형돈,1
없는,Adjective,길,1
없는,Adjective,김태호,2
없는,Adjective,유재석,1
없는가,Adjective,유재석,1
없는거겠죠,Adjective,길,1
없는거죠,Adjective,노홍철,1
없다,Adjective,정형돈,1
없다고,Adjective,정준하,2
없다면,Adjective,길,1
없습니까,Adjective,박명수,1
없습니다,Adjective,길,1
없습니다,Adjective,김태호,1
없습니다,Adjective,노홍철,1
없습니다,Adjective,유재석,2
없어,Adjective,노홍철,1
없어요,Adjective,노홍철,1
없어요,Adjective,유재석,1
없었거든요,Adjective,노홍철,1
없었구요,Adjective,김태호,1
없었구요,Adjective,노홍철,1
없었던,Adjective,정형돈,1
없었습니다,Adjective,길,1
없었습니다,Adjective,김태호,1
없었으면,Adjective,박명수,1
없으세요,Adjective,기자들,1
없으신,Adjective,판사,1
없을,Adjective,최단비,1
없이,Adverb,박명수,2
없이,Adverb,유재석,1
없이,Adverb,정형돈,1
없잖습니까,Adjective,노홍철,1
없죠,Adjective,길,1
없지만,Adjective,길,1
엎,Noun,정형돈,1
에,Josa,길,13
에,Josa,김태호,11
에,Josa,노홍철,12
에,Josa,박명수,7
에,Josa,안내인,1
에,Josa,유재석,12
에,Josa,장진영,6
에,Josa,정준하,10
에,Josa,정형돈,21
에,Josa,최단비,4
에게,Josa,길,6
에게,Josa,노홍철,6
에게,Josa,모두,1
에게,Josa,유재석,1
에게,Josa,장진영,2
에게,Josa,정준하,1
에게,Josa,정형돈,1
에게,Josa,최단비,2
에게는,Josa,길,1
에게는,Josa,정형돈,1
에게도,Josa,정준하,1
에게보다,Josa,노홍철,1
에는,Josa,길,1
에는,Josa,유재석,3
에는,Josa,정형돈,1
에다,Josa,김태호,1
에다,Josa,장진영,1
에도,Josa,노홍철,1
에도,Josa,정형돈,1
에서,Josa,길,5
에서,Josa,김태호,2
에서,Josa,노홍철,4
에서,Josa,박명수,5
에서,Josa,안내인,1
에서,Josa,장진영,2
에서,Josa,정준하,7
에서,Josa,정형돈,1
에서,Josa,최단비,3
에서,Josa,판사,1
에서는,Josa,노홍철,1
에서는,Josa,정형돈,1
에서는,Josa,최단비,1
에요,Josa,길,1
에요,Josa,노홍철,2
에요,Josa,박명수,4
에요,Josa,유재석,5
에이,Noun,박명수,1
에이,Noun,정준하,1
여기,Noun,노홍철,1
여기,Noun,정준하,1
여기,Noun,정형돈,1
여기,Noun,최단비,1
여기까,Verb,길,2
여기까,Verb,박명수,3
여덟,Noun,유재석,1
여덟,Noun,정준하,1
여러가지,Noun,유재석,1
여러분,Noun,길,2
여러분,Noun,노홍철,1
여부,Noun,장진영,1
여자,Noun,정준하,1
여자친구,Noun,박명수,1
여쭤,Verb,박명수,1
여쭤,Verb,유재석,1
여쭤,Verb,정형돈,1
여태,Noun,박명수,1
여행,Noun,유재석,1
여행,Noun,정준하,2
여행가,Noun,최단비,1
연예계,Noun,정형돈,1
열,Noun,박명수,2
였습니까,Verb,정형돈,1
였습니다,Verb,길,1
영재,Noun,유재석,3
영재,Noun,정형돈,1
영제,Noun,정준하,1
옆,Noun,김태호,3
옆,Noun,박명수,1
옆,Noun,유재석,2
옆,Noun,정준하,1
예,Modifier,박명수,2
예,Modifier,유재석,1
예,Noun,길,5
예,Noun,김태호,1
예,Noun,노홍철,1
예,Noun,모두,1
예,Noun,박명수,9
예,Noun,유재석,8
예,Noun,정준하,2
예,Noun,판사,3
예능,Noun,노홍철,1
예능,Noun,박명수,1
예능,Noun,장진영,1
예능,Noun,정형돈,1
예능인,Noun,노홍철,2
예능인,Noun,박명수,3
예전,Noun,길,1
예전,Noun,김태호,1
오,Noun,모두,1
오늘,Noun,유재석,3
오늘,Noun,장진영,1
오랜,Modifier,박명수,1
오렌지색,Noun,박명수,1
오른쪽,Noun,김태호,1
오리,Noun,기자들,1
오리,Noun,길,2
오리,Noun,유재석,1
오셔가지고,Verb,정준하,1
오시는게,Verb,박명수,1
오십니다,Verb,박명수,1
오줌,Noun,길,4
오줌,Noun,김태호,3
오줌,Noun,노홍철,5
오줌,Noun,박명수,2
오줌,Noun,유재석,1
오줌,Noun,장진영,2
오줌,Noun,정준하,2
오줌,Noun,정형돈,2
오줌싸개,Noun,길,3
오줌싸개,Noun,노홍철,3
오줌싸개,Noun,박명수,3
오줌싸개,Noun,유재석,3
오줌싸개,Noun,장진영,2
오줌싸개,Noun,정준하,1
오줌싸개,Noun,정형돈,5
오줌싸개,Noun,최단비,3
오케이,Noun,유재석,1
오히려,Noun,김태호,3
오히려,Noun,노홍철,2
오히려,Noun,정형돈,1
온,Noun,정형돈,1
올라가있고,Verb,유재석,1
옷,Noun,길,1
옷,Noun,정준하,1
옷방,Noun,길,1
옷방,Noun,장진영,1
옷장,Noun,노홍철,1
옷장,Noun,정형돈,1
와,Josa,노홍철,2
와,Josa,정준하,4
와,Verb,정준하,1
와가지고,Verb,박명수,1
와는,Josa,정형돈,1
와이프,Noun,박명수,1
왔고,Verb,노홍철,1
왜,Noun,길,1
왜,Noun,노홍철,1
왜,Noun,박명수,3
왜,Noun,유재석,4
왜,Noun,정준하,3
왜,Noun,정형돈,5
외부,Noun,정형돈,1
요,Foreign,유재석,1
요,Josa,길,3
요,Josa,노홍철,1
요,Josa,박명수,5
요,Josa,유재석,4
요,Josa,정준하,4
요,Josa,정형돈,1
요,Noun,길,3
요,Noun,유재석,1
요,Noun,정준하,1
요,Noun,정형돈,1
요구,Noun,정형돈,2
우겨,Verb,정형돈,1
우기,Noun,유재석,1
우려,Noun,정준하,1
우리,Noun,노홍철,2
우리,Noun,박명수,1
우리,Noun,유재석,7
우리,Noun,정준하,4
우리,Noun,정형돈,3
우리나라,Noun,정형돈,1
우와,Exclamation,모두,1
울,Noun,박명수,1
움직이는,Verb,김태호,1
웃고,Verb,정형돈,1
웃기는게,Verb,노홍철,1
웃기려고,Verb,길,1
웃긴데,Verb,노홍철,1
웃으실거라,Verb,유재석,1
웃음,Noun,최단비,1
웅변,Noun,노홍철,1
원고,Noun,길,1
원고,Noun,노홍철,2
원고,Noun,모두,1
원고,Noun,박명수,1
원고,Noun,장진영,4
원고,Noun,정준하,9
원고,Noun,정형돈,7
원고,Noun,판사,5
원래,Noun,김태호,1
원래,Noun,정형돈,1
원하시는,Adjective,판사,1
원한거,Adjective,노홍철,1
원한거야,Adjective,노홍철,1
위,Noun,길,1
위,Noun,노홍철,1
위자료,Noun,노홍철,1
위증,Noun,길,1
위증,Noun,김태호,1
위증,Noun,정준하,2
위증죄,Noun,판사,1
위치,Noun,정형돈,1
위해,Noun,노홍철,1
위해,Noun,유재석,1
위해,Noun,장진영,1
위해,Noun,정형돈,1
유재석,Noun,김태호,1
유재석,Noun,노홍철,3
유재석,Noun,정준하,1
유재석,Noun,정형돈,2
유죄,Noun,길,2
유탈,Noun,박명수,1
유탈,Noun,유재석,1
유포,Noun,길,1
으,Adverb,박명수,1
으로,Josa,길,1
으로,Josa,김태호,2
으로,Josa,노홍철,4
으로,Josa,박명수,3
으로,Josa,유재석,2
으로,Josa,장진영,2
으로,Josa,정준하,8
으로,Josa,정형돈,5
으로,Josa,최단비,2
으로,Josa,판사,1
으로의,Josa,박명수,1
으로의,Josa,정준하,1
은,Josa,길,3
은,Josa,노홍철,6
은,Josa,박명수,5
은,Josa,유재석,4
은,Josa,장진영,1
은,Josa,정준하,6
은,Josa,정형돈,4
은,Josa,최단비,3
은,Noun,박명수,1
을,Foreign,노홍철,2
을,Foreign,정준하,2
을,Josa,길,14
을,Josa,김태호,17
을,Josa,노홍철,23
을,Josa,박명수,9
을,Josa,유재석,13
을,Josa,장진영,9
을,Josa,정준하,22
을,Josa,정형돈,14
을,Josa,최단비,5
을,Josa,판사,1
음,Noun,길,2
의,Josa,길,1
의,Josa,김태호,1
의,Josa,노홍철,11
의,Josa,박명수,2
의,Josa,유재석,4
의,Josa,장진영,1
의,Josa,정준하,2
의,Josa,정형돈,5
의,Josa,최단비,2
의,Noun,노홍철,1
의,Noun,유재석,1
의뢰,Noun,길,1
의뢰,Noun,정준하,1
의아,Noun,노홍철,1
의외로,Adverb,유재석,1
의지,Noun,김태호,1
의해서,Adjective,유재석,1
이,Determiner,길,4
이,Determiner,김태호,2
이,Determiner,노홍철,3
이,Determiner,박명수,2
이,Determiner,유재석,1
이,Determiner,정준하,1
이,Determiner,정형돈,2
이,Josa,길,21
이,Josa,김태호,7
이,Josa,노홍철,10
이,Josa,박명수,14
이,Josa,유재석,13
이,Josa,장진영,1
이,Josa,정준하,6
이,Josa,정형돈,13
이,Josa,최단비,5
이,Noun,길,3
이,Noun,노홍철,8
이,Noun,박명수,5
이,Noun,유재석,3
이,Noun,장진영,1
이,Noun,정준하,2
이,Noun,정형돈,3
이,Suffix,노홍철,1
이,Suffix,박명수,1
이,Suffix,유재석,2
이,Suffix,정준하,1
이,Suffix,정형돈,1
이건,Noun,김태호,1
이건,Noun,노홍철,2
이고,Josa,박명수,1
이기,Noun,유재석,1
이냐,Josa,노홍철,1
이다,Josa,김태호,1
이대,Noun,박명수,1
이라고,Josa,노홍철,1
이라고,Josa,박명수,2
이라고,Josa,유재석,3
이라고,Josa,정형돈,2
이라는,Josa,박명수,1
이라는,Josa,정준하,1
이라도,Josa,최단비,1
이라서,Josa,길,1
이랑,Josa,길,2
이러냐,Verb,유재석,1
이런,Adjective,노홍철,1
이런,Adjective,박명수,3
이런,Modifier,박명수,1
이렇게,Adverb,길,1
이렇게,Adverb,노홍철,2
이렇게,Adverb,박명수,2
이렇게,Adverb,유재석,1
이렇게,Adverb,장진영,1
이렇게,Adverb,정형돈,3
이르,Verb,정준하,1
이를,Verb,노홍철,1
이름,Noun,노홍철,1
이미,Adverb,유재석,1
이미,Adverb,정준하,1
이미지,Noun,노홍철,1
이미지,Noun,박명수,1
이미지,Noun,유재석,1
이미지,Noun,장진영,1
이미지,Noun,정준하,2
이미지,Noun,정형돈,1
이미지,Noun,최단비,2
이번,Noun,박명수,1
이불,Noun,김태호,1
이상,Noun,장진영,1
이상,Noun,정형돈,1
이상하다,Adjective,김태호,1
이시고,Josa,정준하,1
이신,Josa,유재석,1
이십,Noun,정준하,1
이십,Noun,정형돈,1
이야,Josa,박명수,2
이야기,Noun,노홍철,1
이야기,Noun,박명수,1
이야기,Noun,유재석,2
이었던,Verb,최단비,1
이었습니다,Verb,김태호,2
이었습니다,Verb,노홍철,1
이었습니다,Verb,유재석,1
이에요,Josa,노홍철,1
이에요,Josa,유재석,1
이에요,Josa,정준하,1
이에요,Josa,정형돈,1
이유,Noun,박명수,1
이유,Noun,정준하,1
이유,Noun,최단비,1
이전,Noun,길,1
이제,Noun,정준하,1
이지,Josa,노홍철,1
이지,Josa,정준하,1
이해,Noun,박명수,1
이후,Noun,정형돈,1
인,Josa,박명수,2
인,Josa,유재석,1
인,Josa,장진영,1
인,Josa,정준하,1
인,Josa,정형돈,1
인,Josa,최단비,2
인가요,Josa,최단비,1
인거,Josa,박명수,1
인격,Noun,길,3
인격,Noun,박명수,1
인격,Noun,유재석,1
인데,Josa,길,1
인데,Josa,박명수,1
인데,Josa,유재석,2
인데,Josa,정형돈,3
인터넷,Noun,박명수,2
인터넷,Noun,정형돈,1
인해서,Adjective,정준하,1
인해서,Adjective,최단비,1
일,Noun,길,1
일,Noun,노홍철,1
일,Noun,박명수,1
일,Noun,정형돈,1
일,Noun,최단비,2
일까,Verb,길,1
일단,Noun,정형돈,1
일로,Noun,박명수,1
일로,Noun,정준하,1
일반,Noun,노홍철,1
일반,Noun,유재석,1
일반,Noun,최단비,1
일반인,Noun,노홍철,1
일부러,Noun,유재석,1
일비,Noun,노홍철,1
일어나,Verb,안내인,1
일어나,Verb,유재석,1
일어난,Verb,장진영,1
일어날,Verb,정형돈,1
일어났을,Verb,김태호,1
일행,Noun,노홍철,1
잃을게,Verb,노홍철,1
입,Noun,유재석,2
입,Noun,장진영,1
입,Noun,정준하,2
입,Noun,정형돈,1
입고,Verb,길,1
입고,Verb,박명수,1
입고,Verb,유재석,1
입고,Verb,정형돈,1
입니까,Adjective,박명수,1
입니다,Adjective,김태호,1
입니다,Adjective,노홍철,4
입니다,Adjective,박명수,2
입니다,Adjective,유재석,5
입니다,Adjective,장진영,1
입니다,Adjective,정준하,3
입니다,Adjective,정형돈,2
입었습니다,Verb,정준하,1
입었으므로,Verb,정준하,1
입장,Noun,박명수,1
입지,Noun,정준하,1
잇,Verb,박명수,1
있고,Adjective,정준하,1
있고,Adjective,정형돈,1
있구나,Adjective,김태호,1
있나요,Adjective,길,1
있나요,Adjective,노홍철,1
있냐,Adjective,길,1
있냐고,Adjective,정준하,1
있는,Adjective,길,2
있는,Adjective,김태호,2
있는,Adjective,노홍철,1
있는,Adjective,박명수,1
있는,Adjective,유재석,1
있는,Adjective,정준하,1
있는,Adjective,정형돈,2
있는,Adjective,최단비,1
있는거에요,Adjective,노홍철,1
있는건,Adjective,유재석,1
있는걸,Adjective,정준하,1
있는데,Adjective,유재석,1
있다,Adjective,장진영,1
있다고,Adjective,김태호,1
있다고,Adjective,정준하,1
있다고,Adjective,최단비,1
있다며,Adjective,노홍철,1
있던,Adjective,노홍철,1
있도록,Adjective,정형돈,1
있습니까,Adjective,정형돈,3
있습니까,Adjective,최단비,2
있습니다,Adjective,길,2
있습니다,Adjective,노홍철,2
있습니다,Adjective,유재석,1
있습니다,Adjective,정준하,1
있습니다,Adjective,정형돈,1
있어,Adjective,길,1
있어,Adjective,김태호,1
있어서,Adjective,길,1
있어서,Adjective,김태호,1
있어야,Adjective,정형돈,1
있어요,Adjective,길,1
있어요,Adjective,노홍철,1
있어요,Adjective,정준하,1
있어요,Adjective,정형돈,1
있었겠죠,Adjective,길,1
있었겠죠,Adjective,정형돈,1
있었고,Adjective,정준하,1
있었고요,Adjective,유재석,1
있었는데,Adjective,김태호,2
있었는데,Adjective,노홍철,1
있었는데,Adjective,유재석,1
있었다,Adjective,정형돈,1
있었다구요,Adjective,정형돈,1
있었다는,Adjective,정준하,1
있었던,Adjective,노홍철,1
있었던,Adjective,정형돈,1
있었던,Adjective,최단비,2
있었습니까,Adjective,정준하,2
있었습니까,Adjective,정형돈,1
있었습니다,Adjective,김태호,5
있었습니다,Adjective,유재석,1
있잖아,Adjective,정형돈,1
자,Noun,박명수,1
자,Noun,안내인,1
자,Noun,장진영,2
자,Noun,판사,1
자고,Noun,김태호,1
자고있는,Verb,정준하,1
자기,Noun,장진영,1
자기,Noun,최단비,1
자꾸,Noun,길,1
자꾸,Noun,유재석,2
자꾸,Noun,정형돈,2
자는,Verb,김태호,1
자다,Verb,정형돈,1
자료,Noun,노홍철,1
자료,Noun,정준하,1
자리,Noun,길,1
자리,Noun,안내인,2
자백,Noun,길,1
자백,Noun,김태호,1
자세히,Adjective,김태호,1
자세히,Adjective,최단비,1
자식,Noun,박명수,1
자신,Noun,노홍철,1
자자자,Verb,정준하,1
자체,Noun,노홍철,1
자체,Noun,박명수,1
자체,Noun,유재석,1
작,Modifier,길,1
작가,Noun,유재석,1
잔,Noun,박명수,2
잘,Verb,길,1
잘,Verb,김태호,3
잘,Verb,노홍철,1
잘,Verb,장진영,2
잘,Verb,정준하,2
잘,Verb,정형돈,2
잘,VerbPrefix,박명수,2
잘,VerbPrefix,정준하,2
잘못,Noun,박명수,1
잘못,Noun,유재석,1
잠,Noun,박명수,1
잠,Noun,정준하,3
잠그고,Verb,김태호,1
잠깐,Noun,길,1
잠깐,Noun,유재석,3
잠깐,Noun,정준하,3
잠깐,Noun,정형돈,1
잠시,Noun,정준하,3
잠시,Noun,판사,1
잡,Noun,정준하,2
잡기,Noun,정형돈,1
잡니다,Verb,김태호,1
잡혀있었나요,Verb,장진영,1
잤습니다,Verb,길,1
잤으니까,Verb,김태호,1
잤죠,Verb,정형돈,1
장,Noun,정형돈,2
장난,Noun,노홍철,1
장님,Noun,길,2
장님,Noun,노홍철,1
장님,Noun,유재석,1
장님,Noun,정형돈,2
장땡,Noun,노홍철,1
장면,Noun,김태호,1
장면,Noun,정형돈,1
재미있는데,Adjective,정형돈,1
재미있어요,Adjective,길,1
재밌게,Adjective,길,1
재밌는,Adjective,노홍철,1
재밌었던,Adjective,노홍철,1
재석,Noun,기자들,1
재석,Noun,정형돈,1
재차,Noun,노홍철,1
재판,Noun,길,2
재판,Noun,노홍철,1
재판,Noun,유재석,1
재판,Noun,정형돈,2
재판,Noun,판사,1
쟤,Noun,길,1
쟤,Noun,박명수,1
쟤,Noun,정형돈,1
저,Determiner,정형돈,2
저,Noun,길,18
저,Noun,김태호,3
저,Noun,노홍철,4
저,Noun,박명수,7
저,Noun,유재석,14
저,Noun,정준하,9
저,Noun,정형돈,9
저건,Noun,노홍철,1
저기,Noun,박명수,1
저기,Noun,유재석,1
저기,Noun,정준하,2
저녁식사,Noun,정준하,1
저런,Noun,정형돈,1
저렇게,Adverb,박명수,1
저렇게,Adverb,정형돈,1
저리듯,Adjective,노홍철,1
저하,Noun,박명수,1
저희,Noun,노홍철,3
저희,Noun,박명수,3
저희,Noun,유재석,4
저희,Noun,정준하,6
저희,Noun,정형돈,1
적,Noun,길,4
적,Noun,김태호,2
적,Noun,노홍철,1
적,Noun,장진영,1
적,Noun,정형돈,2
적,Noun,최단비,1
적,Suffix,길,2
적,Suffix,노홍철,1
적,Suffix,박명수,2
적,Suffix,유재석,2
적,Suffix,장진영,1
적,Suffix,정준하,3
적,Suffix,정형돈,3
적,Suffix,최단비,3
적게,Verb,김태호,1
적은,Verb,김태호,1
적은,Verb,유재석,1
전,Noun,길,3
전,Noun,김태호,1
전,Noun,노홍철,1
전,Noun,박명수,1
전,Noun,유재석,1
전,Noun,장진영,2
전,Noun,최단비,3
전등,Noun,김태호,2
전문가,Noun,박명수,1
전원,Noun,길,1
전체,Noun,장진영,1
전혀,Noun,노홍철,1
전혀,Noun,정형돈,3
전혀,Noun,최단비,1
절,Noun,길,1
절대,Noun,길,1
정답,Noun,정형돈,1
정도,Noun,김태호,1
정도,Noun,유재석,2
정도,Noun,정형돈,1
정리,Noun,정준하,1
정말,Noun,길,2
정말,Noun,유재석,1
정말로,Adverb,정준하,1
정색,Noun,노홍철,1
정신,Noun,박명수,1
정신,Noun,정준하,2
정의,Noun,길,1
정준하,Noun,유재석,1
정형돈,Noun,길,1
정형돈,Noun,유재석,1
정형돈,Noun,정준하,1
정확하게,Adjective,정준하,1
정확한,Adjective,노홍철,1
정황,Noun,유재석,1
젖어있는,Verb,정준하,1
젖어있었거든요,Verb,김태호,1
젖어있었고,Verb,김태호,1
젖을까봐,Verb,정준하,1
제,Modifier,길,1
제,Modifier,정준하,1
제,Noun,길,8
제,Noun,김태호,4
제,Noun,노홍철,3
제,Noun,박명수,4
제,Noun,유재석,5
제,Noun,정준하,2
제,Noun,정형돈,2
제보,Noun,노홍철,1
제보,Noun,유재석,1
제영재,Noun,김태호,1
제영재,Noun,노홍철,1
제영재,Noun,정준하,1
제의,Noun,길,1
제의,Noun,박명수,1
제일,Noun,유재석,1
제주도,Noun,박명수,2
제주도,Noun,유재석,1
제주도,Noun,정준하,1
제주도,Noun,정형돈,1
제주도,Noun,최단비,1
제출,Noun,판사,2
젯,Noun,정형돈,1
조,Noun,정준하,1
조금,Noun,길,1
조금,Noun,노홍철,1
조금,Noun,유재석,2
조금,Noun,정준하,1
조금,Noun,최단비,1
조명,Noun,박명수,3
조사,Noun,정준하,1
조심,Noun,유재석,1
조심하세요,Verb,길,1
조용히,Adjective,박명수,2
조차,Josa,길,1
존경,Noun,길,1
존경,Noun,노홍철,1
존재,Noun,길,1
졸졸졸,Noun,정형돈,1
좀,Noun,기자들,1
좀,Noun,길,2
좀,Noun,김태호,1
좀,Noun,박명수,2
좀,Noun,유재석,4
좀,Noun,정준하,1
좀,Noun,정형돈,1
좋네,Adjective,정준하,1
좋대,Adjective,정형돈,1
좋습니다,Adjective,판사,1
좋아요,Adjective,박명수,2
좋아요,Adjective,정준하,1
좋아하는데,Adjective,박명수,1
좋은,Adjective,장진영,1
좋은,Adjective,정준하,1
좋은,Adjective,최단비,1
죄,Noun,박명수,3
죄,Noun,유재석,1
죄,Noun,정준하,1
죄,Noun,정형돈,1
죄송하구요,Adjective,박명수,1
죄송합니다,Adjective,박명수,1
죄송합니다,Adjective,유재석,1
죄송합니다,Adjective,정준하,1
죄송합니다,Adjective,정형돈,1
죠,Josa,길,1
죠,Josa,박명수,1
죠,Josa,유재석,3
죠,Josa,장진영,1
죠,Josa,정준하,3
죠,Josa,정형돈,2
주,Modifier,길,1
주,Modifier,안내인,1
주고받고,Verb,유재석,1
주관,Noun,유재석,1
주무,Noun,박명수,1
주무셨습니까,Verb,길,1
주무시면,Verb,박명수,1
주세요,Verb,길,1
주제,Noun,장진영,1
죽,Noun,김태호,1
준,Noun,길,1
준비,Noun,박명수,1
준하,Verb,길,1
줄,Noun,길,1
줄,Noun,박명수,1
중,Noun,유재석,1
중요하게,Adjective,유재석,1
중요하다고,Adjective,정형돈,1
중요한건,Adjective,정준하,1
중요함에도,Adjective,정준하,1
중요해요,Adjective,길,1
줬기,Verb,노홍철,1
줬는데,Verb,정준하,1
증거,Noun,유재석,1
증거,Noun,최단비,1
증말,Noun,정준하,1
증언,Noun,정형돈,1
증언,Noun,판사,1
증인,Noun,길,1
증인,Noun,김태호,1
증인,Noun,노홍철,3
증인,Noun,박명수,1
증인,Noun,유재석,3
증인,Noun,장진영,2
증인,Noun,정형돈,6
증인,Noun,판사,1
지,Josa,김태호,1
지,Modifier,정준하,1
지갑,Noun,김태호,1
지고,Noun,정형돈,1
지금,Noun,길,3
지금,Noun,노홍철,2
지금,Noun,박명수,7
지금,Noun,유재석,3
지금,Noun,정준하,5
지금,Noun,정형돈,6
지금,Noun,최단비,1
지급,Noun,길,1
지내고,Verb,최단비,1
지도,Noun,유재석,1
직접,Noun,길,1
직접,Noun,김태호,2
직접,Noun,유재석,1
직접,Noun,장진영,1
직접,Noun,최단비,5
진,Noun,길,1
진,Noun,정준하,1
진료,Noun,박명수,1
진술,Noun,장진영,2
진술,Noun,정형돈,1
진술,Noun,판사,1
진실,Noun,길,4
진실,Noun,유재석,1
진짜,Noun,길,4
진짜,Noun,박명수,2
진짜,Noun,유재석,2
진짜,Noun,정형돈,1
진행,Noun,장진영,1
진행자,Noun,정형돈,3
질,Noun,길,1
질러져,Verb,정형돈,1
질문,Noun,길,3
질문,Noun,유재석,1
질문,Noun,최단비,1
질질,Noun,박명수,1
집,Noun,박명수,1
집니다,Verb,길,2
집니다,Verb,박명수,3
집어넣어야,Verb,박명수,1
집중,Noun,노홍철,1
짜증,Noun,정준하,1
짧게,Adjective,길,1
짭니까,Verb,정준하,1
짱,Suffix,박명수,1
짱,Suffix,유재석,1
째,Verb,장진영,1
쩌리,Noun,박명수,1
쩌리,Noun,유재석,1
쪽,Noun,김태호,2
쪽팔리다고,Verb,박명수,1
쭉,Noun,유재석,1
찍,Noun,박명수,1
찍어주지,Verb,유재석,1
찍었기,Verb,정형돈,1
찍으셨죠,Verb,정형돈,2
찍은걸,Verb,박명수,1
찍지,Verb,정형돈,1
찐거,Verb,정형돈,1
찬스,Noun,정준하,2
찬스,Noun,정형돈,2
참,Verb,박명수,3
참,Verb,정준하,1
참을수,Verb,노홍철,1
창,Noun,최단비,1
창피하다고요,Adjective,박명수,1
찾아와서,Verb,김태호,1
채택,Noun,박명수,1
처럼,Josa,장진영,1
처럼,Noun,유재석,1
처럼,Noun,최단비,2
처벌,Noun,판사,1
처음,Noun,길,2
처음,Noun,김태호,1
처음,Noun,정형돈,1
처자,Noun,박명수,1
척,Noun,김태호,1
천,Noun,노홍철,2
천천히,Adverb,정준하,1
첫,Noun,박명수,1
청,Noun,정준하,1
청구,Noun,노홍철,1
청구,Noun,정준하,3
청아,Noun,박명수,1
쳐다봤을,Verb,김태호,1
쳐요,Verb,정준하,1
초,Noun,정형돈,1
총각파티,Noun,길,1
총각파티,Noun,정형돈,1
최,Noun,박명수,1
최,Noun,정준하,2
최고,Noun,정형돈,1
쵸,VerbPrefix,길,1
추시,Verb,정준하,1
추억,Noun,노홍철,1
추측,Noun,정형돈,1
추했다는,Adjective,정준하,1
출,Verb,최단비,1
출연자,Noun,장진영,1
출연자,Noun,정형돈,2
출출해서,Adjective,박명수,1
충격,Noun,김태호,1
취,Noun,기자들,1
취소,Noun,유재석,1
취소,Noun,정준하,1
취해,Noun,노홍철,1
취해,Noun,정형돈,1
측,Noun,판사,1
측,Suffix,유재석,1
측,Suffix,정형돈,2
측,Suffix,판사,3
측은,Noun,정형돈,1
측은,Noun,판사,1
치면,Noun,정형돈,1
치킨,Noun,박명수,6
치킨,Noun,정준하,2
치킨,Noun,정형돈,2
친구,Noun,길,4
친구,Noun,박명수,3
친구,Noun,정준하,1
친구,Noun,정형돈,1
친구,Noun,최단비,1
친근하게,Adjective,정형돈,1
친하게,Adjective,최단비,1
침,Noun,노홍철,1
침대,Noun,김태호,3
침대,Noun,유재석,1
침대,Noun,정준하,2
칩시다,Verb,정준하,2
카메라,Noun,노홍철,1
카메라,Noun,박명수,1
카메라,Noun,유재석,1
캐릭터,Noun,김태호,1
캐릭터,Noun,노홍철,3
캐릭터,Noun,장진영,1
캐릭터,Noun,정형돈,1
커녕,Noun,정형돈,1
커다란,Adjective,유재석,1
켜서,Verb,정준하,1
켜지,Verb,길,1
코,Noun,박명수,1
퀴즈,Noun,유재석,1
크,Verb,유재석,1
크거든요,Verb,유재석,1
크게,Noun,박명수,1
크겠죠,Verb,정형돈,1
큰,Verb,노홍철,1
큰,Verb,유재석,1
타,Noun,정형돈,1
타격,Noun,박명수,1
타격,Noun,유재석,1
타격,Noun,최단비,2
태호,Noun,유재석,2
태호,Noun,정형돈,1
털,Noun,기자들,1
털,Noun,길,2
털,Noun,노홍철,2
털,Noun,유재석,1
털어놓았습니다,Verb,노홍철,1
통,Noun,정준하,1
통상,Noun,정준하,1
통상,Noun,정형돈,1
통상손해,Noun,박명수,1
튀어나온,Verb,정준하,1
특급,Noun,정형돈,1
특별,Noun,정준하,2
특별손해,Noun,정준하,1
특별하게,Adjective,정형돈,1
특징,Noun,길,1
틀,Noun,노홍철,1
틀어서,Verb,김태호,1
파기,Noun,정형돈,2
파이팅,Noun,정형돈,1
파카,Noun,기자들,1
파카,Noun,길,2
파카,Noun,유재석,1
파티,Noun,길,1
파티,Noun,박명수,2
판단,Noun,김태호,1
판단,Noun,박명수,1
판단,Noun,유재석,1
판사,Noun,박명수,3
판사,Noun,유재석,1
판사,Noun,정형돈,1
판사,Noun,최단비,1
팬티,Noun,김태호,1
펄쩍,Adverb,노홍철,1
편,Noun,정형돈,1
편집,Noun,길,2
편집,Noun,유재석,1
편집,Noun,정형돈,2
평가,Noun,정형돈,1
평상시,Noun,박명수,1
평소,Noun,김태호,1
평소,Noun,유재석,2
평소,Noun,정형돈,1
포물선,Noun,길,1
포물선,Noun,김태호,1
포즈,Noun,기자들,1
포토,Noun,박명수,1
포토,Noun,유재석,1
포함,Noun,정준하,1
표현,Noun,정준하,1
프로그램,Noun,장진영,2
프로그램,Noun,정형돈,1
플래시,Noun,유재석,1
피고,Noun,길,3
피고,Noun,노홍철,1
피고,Noun,모두,1
피고,Noun,박명수,1
피고,Noun,유재석,4
피고,Noun,장진영,2
피고,Noun,정준하,5
피고,Noun,정형돈,7
피고,Noun,판사,3
피곤해서,Adjective,정준하,1
피부,Noun,박명수,2
피부,Noun,정준하,1
피해,Noun,박명수,1
피해,Noun,정준하,1
하,Exclamation,길,1
하게,Verb,노홍철,1
하게,Verb,정준하,1
하겠네요,Verb,박명수,1
하겠습니까,Verb,유재석,1
하겠습니다,Verb,길,3
하겠습니다,Verb,노홍철,1
하겠습니다,Verb,박명수,2
하겠습니다,Verb,장진영,3
하겠습니다,Verb,정형돈,5
하겠습니다,Verb,최단비,2
하겠습니다,Verb,판사,4
하겠지만,Verb,노홍철,1
하고,Josa,길,2
하고,Josa,유재석,2
하고,Josa,정준하,2
하고,Josa,정형돈,2
하고,Verb,김태호,2
하고,Verb,노홍철,1
하고,Verb,유재석,2
하고,Verb,장진영,1
하고,Verb,정준하,1
하고,Verb,정형돈,1
하고,Verb,판사,1
하고나서,Verb,유재석,1
하고나서,Verb,판사,1
하고싶었는데,Verb,박명수,1
하고싶은,Verb,김태호,1
하기,Verb,길,1
하기,Verb,노홍철,1
하기,Verb,장진영,2
하기,Verb,정준하,1
하기,Verb,정형돈,1
하기는,Adverb,정형돈,1
하기를,Verb,판사,1
하기에,Verb,정준하,1
하나,Noun,길,1
하나,Noun,김태호,2
하나,Noun,박명수,3
하나,Noun,정형돈,3
하나,Noun,최단비,1
하냐,Verb,박명수,1
하는,Verb,길,1
하는,Verb,노홍철,5
하는,Verb,박명수,1
하는,Verb,유재석,3
하는,Verb,정준하,5
하는,Verb,정형돈,2
하는거야,Verb,정준하,1
하는거에요,Verb,길,1
하는데,Verb,정형돈,1
하는지,Verb,정준하,1
하니까,Verb,길,1
하도록,Verb,길,1
하도록,Verb,장진영,2
하도록,Verb,정형돈,1
하도록,Verb,판사,2
하며,Verb,김태호,1
하며,Verb,노홍철,3
하면,Verb,김태호,1
하면,Verb,박명수,4
하면,Verb,유재석,1
하면,Verb,정준하,1
하세요,Verb,박명수,1
하세요,Verb,판사,1
하셔야,Verb,판사,1
하셨는데,Verb,길,1
하셨는데,Verb,정준하,2
하셨는데,Verb,정형돈,1
하셨다고,Verb,길,1
하셨습니까,Verb,최단비,1
하셨습니다,Verb,판사,1
하셨죠,Verb,박명수,1
하셨죠,Verb,최단비,2
하셨죠,Verb,판사,1
하셨지,Verb,정준하,1
하시겠습니까,Verb,유재석,1
하시겠습니까,Verb,판사,1
하시고,Verb,박명수,2
하시고,Verb,정준하,2
하시네요,Verb,유재석,1
하시는,Verb,유재석,3
하시는,Verb,최단비,1
하시는데,Verb,노홍철,1
하시면,Verb,판사,1
하시잖아요,Verb,길,1
하시잖아요,Verb,박명수,1
하시죠,Verb,판사,2
하신,Verb,길,1
하신,Verb,노홍철,1
하신,Verb,최단비,1
하신건,Verb,유재석,1
하실,Verb,유재석,1
하실,Verb,정형돈,1
하실,Verb,최단비,2
하십,Verb,유재석,1
하십,Verb,판사,1
하십니까,Verb,노홍철,1
하십니까,Verb,정형돈,1
하십니까,Verb,최단비,1
하십니다,Verb,정준하,1
하십시오,Verb,노홍철,1
하여,Verb,정형돈,1
하였습니다,Verb,정형돈,1
하였음에도,Verb,정형돈,1
하자,Noun,노홍철,1
하지,Verb,길,4
하지,Verb,박명수,1
하지,Verb,유재석,2
하지,Verb,정준하,1
하지,Verb,정형돈,1
하지마,Verb,정준하,1
하지만,Conjunction,길,2
하진,Verb,유재석,1
하차,Noun,박명수,1
하하,Exclamation,길,4
학원,Noun,노홍철,1
한,Determiner,노홍철,1
한,Determiner,유재석,2
한,Determiner,정형돈,1
한,Josa,길,1
한,Josa,김태호,1
한,Josa,노홍철,2
한,Josa,박명수,1
한,Josa,유재석,2
한,Josa,정준하,1
한,Josa,정형돈,2
한,Verb,길,4
한,Verb,김태호,1
한,Verb,노홍철,1
한,Verb,박명수,5
한,Verb,유재석,2
한,Verb,장진영,1
한,Verb,정준하,5
한,Verb,정형돈,4
한가지,Noun,길,1
한가지,Noun,정형돈,1
한다,Verb,길,2
한다,Verb,박명수,1
한다고,Verb,정준하,1
한다는,Modifier,유재석,1
한마디,Noun,길,1
한마디,Noun,박명수,1
한번,Noun,유재석,1
한번,Noun,정형돈,1
한번,Noun,최단비,1
한치,Noun,유재석,1
한테,Josa,길,3
한테,Josa,김태호,1
한테,Josa,유재석,2
한테,Josa,장진영,3
한테,Josa,정준하,3
한테,Josa,정형돈,1
할,Verb,길,2
할,Verb,박명수,1
할,Verb,정준하,1
할,Verb,정형돈,2
할,Verb,최단비,1
할거야,Verb,유재석,1
할거에요,Verb,길,1
할꺼면,Verb,정형돈,1
할지를,Verb,정형돈,1
함,Noun,노홍철,1
함,Noun,정준하,1
함께,Adverb,박명수,1
함께,Adverb,정준하,2
함부로,Noun,유재석,1
함부로,Noun,정준하,1
합,Noun,박명수,3
합니다,Verb,길,2
합니다,Verb,김태호,1
합니다,Verb,노홍철,3
합니다,Verb,박명수,1
합니다,Verb,유재석,1
합니다,Verb,정준하,2
합니다,Verb,정형돈,1
합시다,Verb,박명수,1
항변,Noun,노홍철,1
항변,Noun,유재석,1
해,Noun,길,1
해,Noun,박명수,3
해,Noun,유재석,2
해,Noun,정준하,1
해,Verb,길,1
해,Verb,김태호,1
해,Verb,노홍철,1
해,Verb,박명수,3
해,Verb,정준하,2
해,Verb,최단비,1
해가지고,Verb,정준하,1
해도,Noun,유재석,1
해도,Verb,길,1
해도,Verb,김태호,1
해도,Verb,유재석,2
해도,Verb,정형돈,1
해보는거죠,Verb,정형돈,2
해보니까,Verb,정준하,1
해보시기,Verb,최단비,1
해서,Verb,김태호,1
해서,Verb,노홍철,3
해서,Verb,유재석,2
해서,Verb,장진영,1
해서,Verb,정준하,3
해야,Verb,박명수,1
해야,Verb,정준하,1
해야,Verb,정형돈,1
해야죠,Verb,정준하,1
해야지,Verb,박명수,1
해야지,Verb,정준하,1
해주려고,Verb,정형돈,1
해주세요,Verb,기자들,1
해주세요,Verb,박명수,1
해주시기,Verb,박명수,1
해주시기,Verb,정형돈,1
해주실,Verb,길,1
해주십시오,Verb,판사,1
했고,Verb,노홍철,1
했고,Verb,정준하,1
했냐,Verb,정형돈,1
했네,Verb,길,1
했는데,Verb,노홍철,1
했는데,Verb,정형돈,1
했다고,Verb,노홍철,1
했다고,Verb,정형돈,1
했다면,Verb,유재석,1
했다면,Verb,정형돈,1
했던,Verb,노홍철,2
했던,Verb,정형돈,1
했던거,Verb,유재석,1
했습니다,Verb,길,2
했습니다,Verb,김태호,1
했습니다,Verb,노홍철,3
했습니다,Verb,유재석,1
했습니다,Verb,정준하,1
했습니다,Verb,정형돈,1
했어,Verb,모두,1
했어,Verb,박명수,1
했어,Verb,정형돈,2
했어요,Verb,길,1
했었는데,Verb,김태호,1
했었어요,Verb,김태호,1
했으면,Verb,최단비,1
했을,Verb,유재석,1
했죠,Verb,장진영,1
했지,Verb,정준하,1
행동,Noun,정준하,1
행복하죠,Adjective,정형돈,1
행복합니까,Adjective,정형돈,1
행복해질,Adjective,길,1
행복해질,Adjective,김태호,1
행복했습니다,Adjective,정준하,1
향,Noun,김태호,1
향,Noun,최단비,1
허위,Noun,길,1
허위,Noun,정형돈,1
험담,Noun,노홍철,1
현장,Noun,노홍철,1
현장,Noun,유재석,1
현장,Noun,정준하,1
현재,Noun,정형돈,1
형,Noun,길,4
형,Noun,노홍철,1
형,Noun,정준하,1
형,Noun,정형돈,2
형,Suffix,유재석,1
형,Suffix,정형돈,1
형님,Noun,노홍철,1
형사재판,Noun,정형돈,1
형체,Noun,김태호,1
호,Noun,판사,1
호텔,Noun,정준하,1
혹시,Noun,정준하,1
혼났어요,Verb,길,1
혼란,Noun,정형돈,1
혼자,Noun,길,1
혼자,Noun,박명수,1
혼자,Noun,장진영,1
혼자,Noun,정형돈,1
홍철,Noun,길,1
화목,Noun,정준하,1
확실히,Adjective,정형돈,1
확인,Noun,박명수,2
확인,Noun,장진영,1
확인,Noun,정준하,1
확인,Noun,정형돈,1
후,Noun,노홍철,1
후,Noun,정준하,1
훨씬,Adverb,정형돈,1
훼손,Noun,노홍철,1
훼손,Noun,정준하,2
훼손,Noun,정형돈,2
휴,Exclamation,박명수,1
흔들,Verb,김태호,1
흔들고,Verb,정준하,1
흔들하면서,Verb,김태호,1
흘려도,Verb,정준하,1
흘렸다,Verb,박명수,1
흘리고,Verb,박명수,1
흘린다고,Verb,노홍철,1
희,Adjective,노홍철,1
히,Adverb,유재석,1
힘든,Adjective,박명수,1
힘든데,Adjective,정형돈,1
힘들게,Adjective,유재석,1
힘들어져서,Adjective,박명수,1
힙합,Noun,정준하,1
